Wikisurvey ID,Idea ID,Idea Text,Wins,Losses,Times involved in Cant Decide,Score,User Submitted,Session ID,Created at,Last Activity,Active,Appearances on Left,Appearances on Right,Info
727,26153,Rep. Charlie Rangel,2360,646,76,78.4907,FALSE,99422,2010-11-24 21:23:58 UTC,2011-10-30 03:12:39 UTC,TRUE,2108,2107,NA
727,26302,The American Homeowner,2144,674,59,76.0638,TRUE,103488,2010-11-28 13:08:37 UTC,2013-12-04 02:28:19 UTC,TRUE,1971,1963,NA
727,26318,The Working Poor,2091,683,78,75.3602,TRUE,104145,2010-11-28 14:50:34 UTC,2012-08-20 13:54:03 UTC,TRUE,1933,1921,NA
727,26351,Future Generations,868,300,47,74.2735,TRUE,105980,2010-11-28 19:39:10 UTC,2013-12-04 02:29:30 UTC,TRUE,938,966,NA
727,26157,Mayor Adrian Fenty,2056,924,147,68.9806,FALSE,99422,2010-11-24 21:23:58 UTC,2013-12-04 02:28:10 UTC,TRUE,2158,2165,NA
727,26320,Liberalism,1910,892,91,68.1526,TRUE,104218,2010-11-28 15:00:27 UTC,2013-12-04 02:29:12 UTC,TRUE,1935,1943,NA
727,26252,Tom DeLay,1836,860,57,68.0875,TRUE,102084,2010-11-28 03:03:16 UTC,2013-12-04 02:29:50 UTC,TRUE,1899,1886,NA
727,26291,Blue Dog Democrats,1880,883,94,68.0289,TRUE,102986,2010-11-28 11:25:55 UTC,2013-12-04 02:29:46 UTC,TRUE,1938,1920,NA
727,26564,Progressives,818,385,50,67.9668,TRUE,114870,2010-11-30 17:27:06 UTC,2013-04-12 14:24:04 UTC,TRUE,1003,931,NA
727,26259,Nancy Pelosi,1836,922,91,66.558,TRUE,102202,2010-11-28 05:03:12 UTC,2013-11-16 19:38:48 UTC,TRUE,1859,1894,NA
727,26154,President Obama,2001,1010,111,66.4454,FALSE,99422,2010-11-24 21:23:58 UTC,2013-12-04 02:29:50 UTC,TRUE,2109,2097,NA
727,26247,The American Taxpayer,1778,932,83,65.5973,TRUE,101908,2010-11-27 15:00:21 UTC,2013-12-04 02:29:18 UTC,TRUE,1878,1869,NA
727,26359,Sen. Blanche Lincoln,738,387,67,65.5723,TRUE,106869,2010-11-28 22:53:48 UTC,2012-10-10 12:43:07 UTC,TRUE,1006,871,NA
727,26330,D.C. schoolchildren,1817,994,95,64.6285,TRUE,104510,2010-11-28 15:38:03 UTC,2012-08-20 13:51:41 UTC,TRUE,1935,1990,NA
727,26504,MSM Credibility,742,431,119,63.234,TRUE,112498,2010-11-30 11:00:08 UTC,2013-12-04 02:30:01 UTC,TRUE,1035,1009,NA
727,26165,Michael Steele,1869,1116,96,62.6046,FALSE,99422,2010-11-24 21:23:58 UTC,2013-12-04 02:27:26 UTC,TRUE,2106,2165,NA
727,26566,Rep. Maxine Waters,724,440,89,62.1784,TRUE,114870,2010-11-30 17:29:51 UTC,2013-03-19 20:26:14 UTC,TRUE,976,922,NA
727,26567,Former Rep. Eric Massa,700,431,110,61.8711,TRUE,114870,2010-11-30 17:32:16 UTC,2013-12-04 02:29:08 UTC,TRUE,1018,1016,NA
727,26357,Afghanistan,726,480,49,60.1821,TRUE,106699,2010-11-28 22:15:12 UTC,2011-03-28 16:37:57 UTC,TRUE,999,950,NA
727,26563,Gen. Stanley A. McChrystal,680,457,58,59.7893,TRUE,114870,2010-11-30 17:25:36 UTC,2013-03-19 20:27:03 UTC,TRUE,913,915,NA
727,26327,Timothy Geithner and Larry Summers,1607,1097,107,59.4235,TRUE,104510,2010-11-28 15:35:30 UTC,2013-12-04 02:29:15 UTC,TRUE,1941,1981,NA
727,26345,Rule of Law in the US,666,492,85,57.5,TRUE,105485,2010-11-28 17:38:30 UTC,2012-09-17 03:35:44 UTC,TRUE,998,954,NA
727,26433,The Washington Redskins,657,496,65,56.9697,TRUE,107590,2010-11-29 02:11:59 UTC,2013-12-04 02:28:37 UTC,TRUE,944,955,NA
727,26147,Organized labor,1652,1257,153,56.7846,FALSE,99422,2010-11-24 21:23:58 UTC,2013-12-04 02:29:04 UTC,TRUE,2070,2152,NA
727,26295,The Political Center,1578,1232,162,56.1522,TRUE,103243,2010-11-28 12:35:28 UTC,2013-12-04 02:29:08 UTC,TRUE,2024,2014,NA
727,26255,Joe Miller,650,520,89,55.5461,TRUE,102118,2010-11-28 04:13:58 UTC,2013-12-04 02:29:04 UTC,TRUE,964,990,NA
727,26434,Credit card holders,647,521,65,55.3846,TRUE,107612,2010-11-29 02:15:18 UTC,2013-12-04 02:29:01 UTC,TRUE,903,1019,NA
727,26162,Rep. Kendrick Meek,1605,1296,278,55.3221,FALSE,99422,2010-11-24 21:23:58 UTC,2013-12-04 02:27:12 UTC,TRUE,2183,2162,NA
727,26565,The State Department,630,548,75,53.4746,TRUE,114870,2010-11-30 17:27:58 UTC,2012-12-31 14:23:44 UTC,TRUE,963,957,NA
727,26369,Sen. Harry Reid,593,552,59,51.7873,TRUE,107510,2010-11-29 02:02:49 UTC,2013-12-04 02:27:18 UTC,TRUE,913,970,NA
727,26533,Rank-and-file Federal Employees,598,559,62,51.6825,TRUE,113846,2010-11-30 14:22:43 UTC,2013-12-04 02:28:32 UTC,TRUE,968,937,NA
727,26150,Robert Gibbs,1552,1452,214,51.6633,FALSE,99422,2010-11-24 21:23:58 UTC,2011-06-16 21:25:35 UTC,TRUE,2168,2163,NA
727,26557,Michelle Rhee,610,590,73,50.8319,TRUE,114708,2010-11-30 16:22:19 UTC,2013-12-04 02:30:01 UTC,TRUE,961,1018,NA
727,26344,American Civil Liberties,592,586,73,50.2542,TRUE,105485,2010-11-28 17:38:11 UTC,2012-12-14 23:02:12 UTC,TRUE,1010,920,NA
727,297673,obama,0,0,0,50.0,TRUE,2823947,2013-12-16 19:17:20 UTC,2013-12-16 19:17:20 UTC,FALSE,0,0,NA
727,182992,Cain,0,0,0,50.0,TRUE,600390,2011-11-14 23:02:05 UTC,2011-11-14 23:02:05 UTC,FALSE,0,0,NA
727,140243,Washingtonians,0,0,0,50.0,TRUE,443575,2011-06-15 21:36:31 UTC,2011-06-15 21:36:31 UTC,FALSE,0,0,NA
727,137423,the unemployed,0,0,0,50.0,TRUE,409782,2011-05-23 15:19:29 UTC,2011-05-23 15:19:29 UTC,FALSE,0,0,NA
727,29916,Shellack,0,0,0,50.0,TRUE,167140,2010-12-30 09:50:14 UTC,2010-12-30 09:50:14 UTC,FALSE,0,0,NA
727,29866,The Post,0,0,0,50.0,TRUE,165962,2010-12-27 11:17:44 UTC,2010-12-27 11:17:44 UTC,FALSE,0,0,NA
727,29865,The middle class,0,0,0,50.0,TRUE,165891,2010-12-27 07:09:25 UTC,2010-12-27 07:09:25 UTC,FALSE,0,0,NA
727,29714,"A three way tie between President Obama, Harry Reid and Nancy Pelosi.",0,0,0,50.0,TRUE,161029,2010-12-21 10:35:54 UTC,2010-12-21 10:35:54 UTC,FALSE,0,0,NA
727,29702,The citizens and taxpayers,0,0,0,50.0,TRUE,160627,2010-12-21 01:06:49 UTC,2010-12-21 01:06:49 UTC,FALSE,0,0,NA
727,29654,Retail banking consumers,0,0,0,50.0,TRUE,160173,2010-12-20 19:15:00 UTC,2010-12-20 19:15:00 UTC,FALSE,0,0,NA
727,29653,San Francisco,0,0,0,50.0,TRUE,160173,2010-12-20 19:14:39 UTC,2010-12-20 19:14:39 UTC,FALSE,0,0,NA
727,29620,President obama,0,0,0,50.0,TRUE,159009,2010-12-19 15:29:45 UTC,2010-12-19 15:29:45 UTC,FALSE,0,0,NA
727,29619,Nancy Pelosi,0,0,0,50.0,TRUE,159003,2010-12-19 15:24:50 UTC,2010-12-19 15:24:50 UTC,FALSE,0,0,NA
727,29615,us taxpayer,0,0,0,50.0,TRUE,158614,2010-12-19 13:02:41 UTC,2010-12-19 13:02:41 UTC,FALSE,0,0,NA
727,29614,Nancy Pelosi,0,0,0,50.0,TRUE,158606,2010-12-19 12:57:21 UTC,2010-12-19 12:57:21 UTC,FALSE,0,0,NA
727,29611,John McCain,0,0,0,50.0,TRUE,158403,2010-12-19 07:24:27 UTC,2010-12-19 07:24:27 UTC,FALSE,0,0,NA
727,29605,"Anyone who had to spend the year there.  I returned to Boston after 30 years in DC, and feel liberated.",0,0,0,50.0,TRUE,157981,2010-12-19 00:02:46 UTC,2010-12-19 00:02:46 UTC,FALSE,0,0,NA
727,29601,obama,0,0,0,50.0,TRUE,157727,2010-12-18 21:25:33 UTC,2010-12-18 21:25:33 UTC,FALSE,0,0,NA
727,29577,liike the general,0,0,0,50.0,TRUE,155790,2010-12-18 05:33:03 UTC,2010-12-18 05:33:03 UTC,FALSE,0,0,NA
727,29400,santa clause,0,0,0,50.0,TRUE,152677,2010-12-17 20:57:18 UTC,2010-12-17 20:57:18 UTC,FALSE,0,0,NA
727,29373,Redskin fans,0,0,0,50.0,TRUE,151285,2010-12-17 18:56:57 UTC,2010-12-17 18:56:57 UTC,FALSE,0,0,NA
727,29361,Sarah Palin,0,0,0,50.0,TRUE,151217,2010-12-17 17:59:19 UTC,2010-12-17 17:59:19 UTC,FALSE,0,0,NA
727,29360,jim moran,0,0,0,50.0,TRUE,151168,2010-12-17 17:22:14 UTC,2010-12-17 17:22:14 UTC,FALSE,0,0,NA
727,29309,jim moran,0,0,0,50.0,TRUE,149923,2010-12-16 21:39:47 UTC,2010-12-16 21:39:47 UTC,FALSE,0,0,NA
727,29130,"Obana, although you won't admit it. His policies angered the people so much that the weak Republican Party swept the 2010 election.",0,0,0,50.0,TRUE,148541,2010-12-14 13:58:32 UTC,2010-12-14 13:58:32 UTC,FALSE,0,0,NA
727,29086,Obama,0,0,0,50.0,TRUE,147197,2010-12-13 12:59:56 UTC,2010-12-13 12:59:56 UTC,FALSE,0,0,NA
727,29072,nancy pelosi,0,0,0,50.0,TRUE,146855,2010-12-12 14:38:08 UTC,2010-12-12 14:38:08 UTC,FALSE,0,0,NA
727,29070,The poor.,0,0,0,50.0,TRUE,146763,2010-12-12 06:53:05 UTC,2010-12-12 06:53:05 UTC,FALSE,0,0,NA
727,29003,"It ain't over yet , but the obvious choice is Obama",0,0,0,50.0,TRUE,144629,2010-12-09 08:07:13 UTC,2010-12-09 08:07:13 UTC,FALSE,0,0,NA
727,29002,The American Middle Class,0,0,0,50.0,TRUE,144565,2010-12-09 07:11:24 UTC,2010-12-09 07:11:24 UTC,FALSE,0,0,NA
727,29000,President Obama!,0,0,0,50.0,TRUE,144541,2010-12-09 06:47:14 UTC,2010-12-09 06:47:14 UTC,FALSE,0,0,NA
727,28999,Former Alaska Governor Sarah Palin,0,0,0,50.0,TRUE,144527,2010-12-09 06:26:11 UTC,2010-12-09 06:26:11 UTC,FALSE,0,0,NA
727,28954,TSA screeners or the American traveler,0,0,0,50.0,TRUE,143346,2010-12-08 04:56:43 UTC,2010-12-08 04:56:43 UTC,FALSE,0,0,NA
727,28953,Albert Haynesworth,0,0,0,50.0,TRUE,143253,2010-12-08 04:42:50 UTC,2010-12-08 04:42:50 UTC,FALSE,0,0,NA
727,28952,Hollywood Activists,0,0,0,50.0,TRUE,143261,2010-12-08 04:41:36 UTC,2010-12-08 04:41:36 UTC,FALSE,0,0,NA
727,28951,adrian fenty,0,0,0,50.0,TRUE,143257,2010-12-08 04:40:56 UTC,2010-12-08 04:40:56 UTC,FALSE,0,0,NA
727,28950,Julian Assange,0,0,0,50.0,TRUE,143255,2010-12-08 04:40:42 UTC,2010-12-08 04:40:42 UTC,FALSE,0,0,NA
727,28949,Barack Obama,0,0,0,50.0,TRUE,143249,2010-12-08 04:40:28 UTC,2010-12-08 04:40:28 UTC,FALSE,0,0,NA
727,28948,american democracy,0,0,0,50.0,TRUE,143052,2010-12-08 04:04:56 UTC,2010-12-08 04:04:56 UTC,FALSE,0,0,NA
727,28947,Jack Johnson,0,0,0,50.0,TRUE,142899,2010-12-08 03:45:58 UTC,2010-12-08 03:45:58 UTC,FALSE,0,0,NA
727,28946,The United States of America!,0,0,0,50.0,TRUE,142849,2010-12-08 03:39:47 UTC,2010-12-08 03:39:47 UTC,FALSE,0,0,NA
727,28943,Crook Rangel,0,0,0,50.0,TRUE,142826,2010-12-08 03:35:19 UTC,2010-12-08 03:35:19 UTC,FALSE,0,0,NA
727,28941,BP,0,0,0,50.0,TRUE,142728,2010-12-08 03:26:01 UTC,2010-12-08 03:26:01 UTC,FALSE,0,0,NA
727,28940,Adrian Fenty,0,0,0,50.0,TRUE,142588,2010-12-08 03:11:53 UTC,2010-12-08 03:11:53 UTC,FALSE,0,0,NA
727,28939,Elizabeth Edwards,0,0,0,50.0,TRUE,142544,2010-12-08 03:05:23 UTC,2010-12-08 03:05:23 UTC,FALSE,0,0,NA
727,28938,Donovan McNabb,0,0,0,50.0,TRUE,142431,2010-12-08 02:38:18 UTC,2010-12-08 02:38:18 UTC,FALSE,0,0,NA
727,28937,Albert Haynesworth,0,0,0,50.0,TRUE,142431,2010-12-08 02:38:08 UTC,2010-12-08 02:38:08 UTC,FALSE,0,0,NA
727,28935,The Average American,0,0,0,50.0,TRUE,138155,2010-12-07 22:12:18 UTC,2010-12-07 22:12:18 UTC,FALSE,0,0,NA
727,28934,Albert Haynesworth!,0,0,0,50.0,TRUE,138148,2010-12-07 22:07:25 UTC,2010-12-07 22:07:25 UTC,FALSE,0,0,NA
727,28933,Albert Haynesworth,0,0,0,50.0,TRUE,138144,2010-12-07 22:06:51 UTC,2010-12-07 22:06:51 UTC,FALSE,0,0,NA
727,28932,Nancy Pelosi,0,0,0,50.0,TRUE,138039,2010-12-07 21:44:45 UTC,2010-12-07 21:44:45 UTC,FALSE,0,0,NA
727,28931,Nancy Pelosi,0,0,0,50.0,TRUE,138039,2010-12-07 21:43:19 UTC,2010-12-07 21:43:19 UTC,FALSE,0,0,NA
727,28930,Nancy Pelosi,0,0,0,50.0,TRUE,138039,2010-12-07 21:43:19 UTC,2010-12-07 21:43:19 UTC,FALSE,0,0,NA
727,28929,President Obama,0,0,0,50.0,TRUE,138041,2010-12-07 21:40:13 UTC,2010-12-07 21:40:13 UTC,FALSE,0,0,NA
727,28928,Nancy Pelosi,0,0,0,50.0,TRUE,137942,2010-12-07 21:28:04 UTC,2010-12-07 21:28:04 UTC,FALSE,0,0,NA
727,28927,Nancy Pelosi,0,0,0,50.0,TRUE,137942,2010-12-07 21:27:49 UTC,2010-12-07 21:27:49 UTC,FALSE,0,0,NA
727,28926,Nancy Pelosi,0,0,0,50.0,TRUE,137942,2010-12-07 21:27:49 UTC,2010-12-07 21:27:49 UTC,FALSE,0,0,NA
727,28925,Senator Harry Reid or Senator Bernie Sanders,0,0,0,50.0,TRUE,137648,2010-12-07 20:50:52 UTC,2010-12-07 20:50:52 UTC,FALSE,0,0,NA
727,28924,Senator Harry Reid or Senator Bernie Sanders,0,0,0,50.0,TRUE,137648,2010-12-07 20:50:31 UTC,2010-12-07 20:50:31 UTC,FALSE,0,0,NA
727,28923,"Liberals.  Not only did they lose the house, but they somehow lost a presidency two years before it was up for election.",0,0,0,50.0,TRUE,137660,2010-12-07 20:46:06 UTC,2010-12-07 20:46:06 UTC,FALSE,0,0,NA
727,28922,"Liberals.  Not only did they lose the house, but they somehow lost a presidency two years before it was up for election.",0,0,0,50.0,TRUE,137660,2010-12-07 20:45:23 UTC,2010-12-07 20:45:23 UTC,FALSE,0,0,NA
727,28921,"Liberals.  Not only did they lose the house, but they somehow lost a presidency two years before it was up for election.",0,0,0,50.0,TRUE,137660,2010-12-07 20:44:00 UTC,2010-12-07 20:44:00 UTC,FALSE,0,0,NA
727,28920,"Liberals.  Not only did they lose the house, but they somehow lost a presidency two years before it was up for election.",0,0,0,50.0,TRUE,137660,2010-12-07 20:43:06 UTC,2010-12-07 20:43:06 UTC,FALSE,0,0,NA
727,28919,Albert Haynesworth,0,0,0,50.0,TRUE,137649,2010-12-07 20:37:58 UTC,2010-12-07 20:37:58 UTC,FALSE,0,0,NA
727,28914,President Obama had the worst year.  He capitulated on so many things that McConnell was the real legislative leader.,0,0,0,50.0,TRUE,137507,2010-12-07 20:17:26 UTC,2010-12-07 20:17:26 UTC,FALSE,0,0,NA
727,28912,Responding to Climate Change,0,0,0,50.0,TRUE,137490,2010-12-07 20:13:11 UTC,2010-12-07 20:13:11 UTC,FALSE,0,0,NA
727,28910,Truth in campaigning,0,0,0,50.0,TRUE,137490,2010-12-07 20:11:32 UTC,2010-12-07 20:11:32 UTC,FALSE,0,0,NA
727,28907,TheRedskins Fans,0,0,0,50.0,TRUE,137491,2010-12-07 20:09:13 UTC,2010-12-07 20:09:13 UTC,FALSE,0,0,NA
727,28905,Seattle Mariners,0,0,0,50.0,TRUE,137475,2010-12-07 20:04:28 UTC,2010-12-07 20:04:28 UTC,FALSE,0,0,NA
727,28904,Barack Obama,0,0,0,50.0,TRUE,137407,2010-12-07 19:43:54 UTC,2010-12-07 19:43:54 UTC,FALSE,0,0,NA
727,28903,Financial Institutions,0,0,0,50.0,TRUE,137294,2010-12-07 19:11:36 UTC,2010-12-07 19:11:36 UTC,FALSE,0,0,NA
727,28902,Obama,0,0,0,50.0,TRUE,137214,2010-12-07 18:49:18 UTC,2010-12-07 18:49:18 UTC,FALSE,0,0,NA
727,28901,Pres Obama,0,0,0,50.0,TRUE,137196,2010-12-07 18:39:10 UTC,2010-12-07 18:39:10 UTC,FALSE,0,0,NA
727,28897,Nancy Pelosi,0,0,0,50.0,TRUE,137164,2010-12-07 18:22:20 UTC,2010-12-07 18:22:20 UTC,FALSE,0,0,NA
727,28893,Albert Hanyesworth,0,0,0,50.0,TRUE,137090,2010-12-07 18:03:47 UTC,2010-12-07 18:03:47 UTC,FALSE,0,0,NA
727,28892,President Obama,0,0,0,50.0,TRUE,137062,2010-12-07 18:03:31 UTC,2010-12-07 18:03:31 UTC,FALSE,0,0,NA
727,28890,Adrian Fenty,0,0,0,50.0,TRUE,137010,2010-12-07 17:25:50 UTC,2010-12-07 17:25:50 UTC,FALSE,0,0,NA
727,28889,President Obama,0,0,0,50.0,TRUE,137005,2010-12-07 17:22:31 UTC,2010-12-07 17:22:31 UTC,FALSE,0,0,NA
727,28888,The fans of the Washington Nationals,0,0,0,50.0,TRUE,136903,2010-12-07 17:02:16 UTC,2010-12-07 17:02:16 UTC,FALSE,0,0,NA
727,28887,Obama,0,0,0,50.0,TRUE,136892,2010-12-07 17:01:28 UTC,2010-12-07 17:01:28 UTC,FALSE,0,0,NA
727,28886,Obama,0,0,0,50.0,TRUE,136891,2010-12-07 17:00:51 UTC,2010-12-07 17:00:51 UTC,FALSE,0,0,NA
727,28885,the American people,0,0,0,50.0,TRUE,136874,2010-12-07 16:49:59 UTC,2010-12-07 16:49:59 UTC,FALSE,0,0,NA
727,28884,Our Grandchildren,0,0,0,50.0,TRUE,136859,2010-12-07 16:41:41 UTC,2010-12-07 16:41:41 UTC,FALSE,0,0,NA
727,28882,Adrian Fenty,0,0,0,50.0,TRUE,136818,2010-12-07 16:15:33 UTC,2010-12-07 16:15:33 UTC,FALSE,0,0,NA
727,28879,Jason Campbell,0,0,0,50.0,TRUE,136646,2010-12-07 14:55:54 UTC,2010-12-07 14:55:54 UTC,FALSE,0,0,NA
727,28878,The American Homeowner,0,0,0,50.0,TRUE,136638,2010-12-07 14:49:18 UTC,2010-12-07 14:49:18 UTC,FALSE,0,0,NA
727,28877,Obama had the worse year,0,0,0,50.0,TRUE,136603,2010-12-07 14:35:08 UTC,2010-12-07 14:35:08 UTC,FALSE,0,0,NA
727,28876,Tome DeLay,0,0,0,50.0,TRUE,136597,2010-12-07 14:33:28 UTC,2010-12-07 14:33:28 UTC,FALSE,0,0,NA
727,28875,President Obama,0,0,0,50.0,TRUE,136549,2010-12-07 14:16:30 UTC,2010-12-07 14:16:30 UTC,FALSE,0,0,NA
727,28874,Democrats,0,0,0,50.0,TRUE,136545,2010-12-07 14:15:06 UTC,2010-12-07 14:15:06 UTC,FALSE,0,0,NA
727,28872,x,0,0,0,50.0,TRUE,136471,2010-12-07 13:50:03 UTC,2010-12-07 13:50:03 UTC,FALSE,0,0,NA
727,28871,President Obama,0,0,0,50.0,TRUE,136457,2010-12-07 13:49:22 UTC,2010-12-07 13:49:22 UTC,FALSE,0,0,NA
727,28870,The American Middle Class,0,0,0,50.0,TRUE,136393,2010-12-07 13:16:59 UTC,2010-12-07 13:16:59 UTC,FALSE,0,0,NA
727,28869,The American People,0,0,0,50.0,TRUE,136388,2010-12-07 13:11:34 UTC,2010-12-07 13:11:34 UTC,FALSE,0,0,NA
727,28868,President Obama,0,0,0,50.0,TRUE,136344,2010-12-07 12:23:09 UTC,2010-12-07 12:23:09 UTC,FALSE,0,0,NA
727,28867,Barack Obama,0,0,0,50.0,TRUE,136275,2010-12-07 12:02:28 UTC,2010-12-07 12:02:28 UTC,FALSE,0,0,NA
727,28866,Obama,0,0,0,50.0,TRUE,136262,2010-12-07 11:43:07 UTC,2010-12-07 11:43:07 UTC,FALSE,0,0,NA
727,28865,Barack Obama,0,0,0,50.0,TRUE,136254,2010-12-07 11:38:40 UTC,2010-12-07 11:38:40 UTC,FALSE,0,0,NA
727,28862,Nancy Pelosi,0,0,0,50.0,TRUE,136058,2010-12-07 05:17:22 UTC,2010-12-07 05:17:22 UTC,FALSE,0,0,NA
727,28861,Unrepresented DC residents,0,0,0,50.0,TRUE,136014,2010-12-07 04:56:12 UTC,2010-12-07 04:56:12 UTC,FALSE,0,0,NA
727,28860,Adrian Fenty,0,0,0,50.0,TRUE,136001,2010-12-07 04:36:11 UTC,2010-12-07 04:36:11 UTC,FALSE,0,0,NA
727,28859,barack obama,0,0,0,50.0,TRUE,135989,2010-12-07 04:04:08 UTC,2010-12-07 04:04:08 UTC,FALSE,0,0,NA
727,28858,obama,0,0,0,50.0,TRUE,135987,2010-12-07 04:03:08 UTC,2010-12-07 04:03:08 UTC,FALSE,0,0,NA
727,28856,Fenty,0,0,0,50.0,TRUE,135982,2010-12-07 03:57:01 UTC,2010-12-07 03:57:01 UTC,FALSE,0,0,NA
727,28855,The middle class.,0,0,0,50.0,TRUE,135961,2010-12-07 03:49:53 UTC,2010-12-07 03:49:53 UTC,FALSE,0,0,NA
727,28854,REGULAR WORKING PEOPLE,0,0,0,50.0,TRUE,135903,2010-12-07 03:37:24 UTC,2010-12-07 03:37:24 UTC,FALSE,0,0,NA
727,28853,The Middle Class,0,0,0,50.0,TRUE,135895,2010-12-07 03:36:19 UTC,2010-12-07 03:36:19 UTC,FALSE,0,0,NA
727,28852,I quit.  This is so dumb.  This is really dumb.,0,0,0,50.0,TRUE,135863,2010-12-07 03:31:09 UTC,2010-12-07 03:31:09 UTC,FALSE,0,0,NA
727,28851,serious why is this so lame?  this is the dumbest game ever.,0,0,0,50.0,TRUE,135863,2010-12-07 03:30:33 UTC,2010-12-07 03:30:33 UTC,FALSE,0,0,NA
727,28850,The Middle Class,0,0,0,50.0,TRUE,135765,2010-12-07 02:53:26 UTC,2010-12-07 02:53:26 UTC,FALSE,0,0,NA
727,28849,Nancy Pelosi,0,0,0,50.0,TRUE,135647,2010-12-07 01:50:21 UTC,2010-12-07 01:50:21 UTC,FALSE,0,0,NA
727,28847,mayor Fenty,0,0,0,50.0,TRUE,135563,2010-12-07 01:04:19 UTC,2010-12-07 01:04:19 UTC,FALSE,0,0,NA
727,28846,THE AMERICAN PEOPLE.,0,0,0,50.0,TRUE,135530,2010-12-07 00:49:53 UTC,2010-12-07 00:49:53 UTC,FALSE,0,0,NA
727,28845,PRESIDENT GOP ASS KISSER OBAMA,0,0,0,50.0,TRUE,135509,2010-12-07 00:40:51 UTC,2010-12-07 00:40:51 UTC,FALSE,0,0,NA
727,28844,The Middle Class,0,0,0,50.0,TRUE,135505,2010-12-07 00:38:34 UTC,2010-12-07 00:38:34 UTC,FALSE,0,0,NA
727,28842,The American people.,0,0,0,50.0,TRUE,135469,2010-12-07 00:33:48 UTC,2010-12-07 00:33:48 UTC,FALSE,0,0,NA
727,28841,The Founding Fathers of the Republic,0,0,0,50.0,TRUE,135434,2010-12-07 00:28:12 UTC,2010-12-07 00:28:12 UTC,FALSE,0,0,NA
727,28840,President Obama,0,0,0,50.0,TRUE,135322,2010-12-07 00:00:44 UTC,2010-12-07 00:00:44 UTC,FALSE,0,0,NA
727,28839,The american people,0,0,0,50.0,TRUE,135311,2010-12-06 23:46:52 UTC,2010-12-06 23:46:52 UTC,FALSE,0,0,NA
727,28837,House Democrats,0,0,0,50.0,TRUE,135297,2010-12-06 23:38:06 UTC,2010-12-06 23:38:06 UTC,FALSE,0,0,NA
727,28835,Elizabeth Edwards.,0,0,0,50.0,TRUE,135252,2010-12-06 23:13:13 UTC,2010-12-06 23:13:13 UTC,FALSE,0,0,NA
727,28834,The American Homeowner,0,0,0,50.0,TRUE,135222,2010-12-06 23:01:41 UTC,2010-12-06 23:01:41 UTC,FALSE,0,0,NA
727,28833,The Middle Class,0,0,0,50.0,TRUE,135191,2010-12-06 22:52:23 UTC,2010-12-06 22:52:23 UTC,FALSE,0,0,NA
727,28826,American people,0,0,0,50.0,TRUE,135019,2010-12-06 21:50:51 UTC,2010-12-06 21:50:51 UTC,FALSE,0,0,NA
727,28825,The American people and the Republic they lost!,0,0,0,50.0,TRUE,135000,2010-12-06 21:46:13 UTC,2010-12-06 21:46:13 UTC,FALSE,0,0,NA
727,28824,President Obama--man with too thin a resume,0,0,0,50.0,TRUE,134972,2010-12-06 21:38:43 UTC,2010-12-06 21:38:43 UTC,FALSE,0,0,NA
727,28822,American Middle Class,0,0,0,50.0,TRUE,134907,2010-12-06 21:23:43 UTC,2010-12-06 21:23:43 UTC,FALSE,0,0,NA
727,28821,Barack Obama,0,0,0,50.0,TRUE,134779,2010-12-06 20:55:25 UTC,2010-12-06 20:55:25 UTC,FALSE,0,0,NA
727,28816,"Privacy, personal modesty, and avoiding sexual assault by government TSA employees to airport checkpoints",0,0,0,50.0,TRUE,134547,2010-12-06 20:18:17 UTC,2010-12-06 20:18:17 UTC,FALSE,0,0,NA
727,28815,Pres. Obama,0,0,0,50.0,TRUE,134578,2010-12-06 20:18:14 UTC,2010-12-06 20:18:14 UTC,FALSE,0,0,NA
727,28813,Jo-Ann Armao,0,0,0,50.0,TRUE,134490,2010-12-06 20:05:14 UTC,2010-12-06 20:05:14 UTC,FALSE,0,0,NA
727,28809,SPEAKER NANCY PELOSI,0,0,0,50.0,TRUE,134264,2010-12-06 19:16:47 UTC,2010-12-06 19:16:47 UTC,FALSE,0,0,NA
727,28799,obama,0,0,0,50.0,TRUE,134101,2010-12-06 18:48:02 UTC,2010-12-06 18:48:02 UTC,FALSE,0,0,NA
727,28795,President Obama,0,0,0,50.0,TRUE,134040,2010-12-06 18:34:00 UTC,2010-12-06 18:34:00 UTC,FALSE,0,0,NA
727,28794,President Obama,0,0,0,50.0,TRUE,133941,2010-12-06 18:18:17 UTC,2010-12-06 18:18:17 UTC,FALSE,0,0,NA
727,28793,Dan Snyder,0,0,0,50.0,TRUE,133915,2010-12-06 18:13:04 UTC,2010-12-06 18:13:04 UTC,FALSE,0,0,NA
727,28791,michael steele,0,0,0,50.0,TRUE,133907,2010-12-06 18:09:08 UTC,2010-12-06 18:09:08 UTC,FALSE,0,0,NA
727,28790,Gilbert Arenes,0,0,0,50.0,TRUE,133898,2010-12-06 18:08:21 UTC,2010-12-06 18:08:21 UTC,FALSE,0,0,NA
727,28788,President Obama,0,0,0,50.0,TRUE,133821,2010-12-06 17:52:22 UTC,2010-12-06 17:52:22 UTC,FALSE,0,0,NA
727,28786,President Obama,0,0,0,50.0,TRUE,133683,2010-12-06 17:30:36 UTC,2010-12-06 17:30:36 UTC,FALSE,0,0,NA
727,28785,Barack Obama,0,0,0,50.0,TRUE,133635,2010-12-06 17:19:55 UTC,2010-12-06 17:19:55 UTC,FALSE,0,0,NA
727,28783,Barack Obama,0,0,0,50.0,TRUE,133605,2010-12-06 17:13:16 UTC,2010-12-06 17:13:16 UTC,FALSE,0,0,NA
727,28778,Obama:  beat at every turn by an opponent he trounced a couple of years ago.,0,0,0,50.0,TRUE,133535,2010-12-06 17:02:36 UTC,2010-12-06 17:02:36 UTC,FALSE,0,0,NA
727,28773,Barak Obama,0,0,0,50.0,TRUE,133494,2010-12-06 16:55:58 UTC,2010-12-06 16:55:58 UTC,FALSE,0,0,NA
727,28772,The Redskins,0,0,0,50.0,TRUE,133443,2010-12-06 16:49:34 UTC,2010-12-06 16:49:34 UTC,FALSE,0,0,NA
727,28771,Me,0,0,0,50.0,TRUE,133149,2010-12-06 07:31:58 UTC,2010-12-06 07:31:58 UTC,FALSE,0,0,NA
727,28770,Clarence Thomas,0,0,0,50.0,TRUE,133132,2010-12-06 07:04:21 UTC,2010-12-06 07:04:21 UTC,FALSE,0,0,NA
727,28769,Michele Rhee,0,0,0,50.0,TRUE,133130,2010-12-06 06:58:49 UTC,2010-12-06 06:58:49 UTC,FALSE,0,0,NA
727,28768,American people,0,0,0,50.0,TRUE,133123,2010-12-06 06:50:00 UTC,2010-12-06 06:50:00 UTC,FALSE,0,0,NA
727,28767,Blanche Lincoln,0,0,0,50.0,TRUE,133058,2010-12-06 06:27:03 UTC,2010-12-06 06:27:03 UTC,FALSE,0,0,NA
727,28766,Gays in the military.,0,0,0,50.0,TRUE,133044,2010-12-06 06:00:21 UTC,2010-12-06 06:00:21 UTC,FALSE,0,0,NA
727,28765,Homeowners,0,0,0,50.0,TRUE,133046,2010-12-06 05:59:49 UTC,2010-12-06 05:59:49 UTC,FALSE,0,0,NA
727,28764,"The American People, minus the rich.",0,0,0,50.0,TRUE,132965,2010-12-06 04:12:36 UTC,2010-12-06 04:12:36 UTC,FALSE,0,0,NA
727,28763,Charlie Rangel,0,0,0,50.0,TRUE,132918,2010-12-06 03:50:33 UTC,2010-12-06 03:50:33 UTC,FALSE,0,0,NA
727,28762,Repulican Party of NO,0,0,0,50.0,TRUE,132920,2010-12-06 03:49:59 UTC,2010-12-06 03:49:59 UTC,FALSE,0,0,NA
727,28761,the grey wolves,0,0,0,50.0,TRUE,132893,2010-12-06 03:45:37 UTC,2010-12-06 03:45:37 UTC,FALSE,0,0,NA
727,28759,Obama The Working Poor,0,0,0,50.0,TRUE,132631,2010-12-06 02:12:12 UTC,2010-12-06 02:12:12 UTC,FALSE,0,0,NA
727,28756,Jack and Leslie Johnson,0,0,0,50.0,TRUE,132565,2010-12-06 01:47:18 UTC,2010-12-06 01:47:18 UTC,FALSE,0,0,NA
727,28755,The American People,0,0,0,50.0,TRUE,132555,2010-12-06 01:43:42 UTC,2010-12-06 01:43:42 UTC,FALSE,0,0,NA
727,28753,Obama,0,0,0,50.0,TRUE,132390,2010-12-06 01:07:52 UTC,2010-12-06 01:07:52 UTC,FALSE,0,0,NA
727,28752,The Washington Redskins,0,0,0,50.0,TRUE,132368,2010-12-06 01:03:29 UTC,2010-12-06 01:03:29 UTC,FALSE,0,0,NA
727,28751,The American People,0,0,0,50.0,TRUE,132358,2010-12-06 01:01:35 UTC,2010-12-06 01:01:35 UTC,FALSE,0,0,NA
727,28750,The Working Poor,0,0,0,50.0,TRUE,132286,2010-12-06 00:52:10 UTC,2010-12-06 00:52:10 UTC,FALSE,0,0,NA
727,28749,President Obama,0,0,0,50.0,TRUE,132280,2010-12-06 00:41:45 UTC,2010-12-06 00:41:45 UTC,FALSE,0,0,NA
727,28748,Barack Obama.  His reward for doing a good job has been to be reviled.,0,0,0,50.0,TRUE,132259,2010-12-06 00:32:47 UTC,2010-12-06 00:32:47 UTC,FALSE,0,0,NA
727,28747,John Maynard Keynes,0,0,0,50.0,TRUE,132166,2010-12-06 00:18:21 UTC,2010-12-06 00:18:21 UTC,FALSE,0,0,NA
727,28746,charlie rangel,0,0,0,50.0,TRUE,132136,2010-12-05 23:53:34 UTC,2010-12-05 23:53:34 UTC,FALSE,0,0,NA
727,28745,Obama,0,0,0,50.0,TRUE,132111,2010-12-05 23:46:07 UTC,2010-12-05 23:46:07 UTC,FALSE,0,0,NA
727,28744,obama,0,0,0,50.0,TRUE,132108,2010-12-05 23:44:16 UTC,2010-12-05 23:44:16 UTC,FALSE,0,0,NA
727,28743,barak,0,0,0,50.0,TRUE,132078,2010-12-05 23:31:25 UTC,2010-12-05 23:31:25 UTC,FALSE,0,0,NA
727,28742,The State Department,0,0,0,50.0,TRUE,131969,2010-12-05 22:54:09 UTC,2010-12-05 22:54:09 UTC,FALSE,0,0,NA
727,28741,obama,0,0,0,50.0,TRUE,131965,2010-12-05 22:51:08 UTC,2010-12-05 22:51:08 UTC,FALSE,0,0,NA
727,28740,"Barrack Obama:  he lost us, loyal Democrats, by selling out to GOP for NOTHING.",0,0,0,50.0,TRUE,131951,2010-12-05 22:46:41 UTC,2010-12-05 22:46:41 UTC,FALSE,0,0,NA
727,28739,Adrian Fenty,0,0,0,50.0,TRUE,131940,2010-12-05 22:41:13 UTC,2010-12-05 22:41:13 UTC,FALSE,0,0,NA
727,28738,the American people...,0,0,0,50.0,TRUE,131929,2010-12-05 22:35:11 UTC,2010-12-05 22:35:11 UTC,FALSE,0,0,NA
727,28737,Fidel Obama,0,0,0,50.0,TRUE,131878,2010-12-05 22:22:16 UTC,2010-12-05 22:22:16 UTC,FALSE,0,0,NA
727,28736,Nancy Pelosi,0,0,0,50.0,TRUE,131807,2010-12-05 21:59:33 UTC,2010-12-05 21:59:33 UTC,FALSE,0,0,NA
727,28735,The middle class,0,0,0,50.0,TRUE,131771,2010-12-05 21:51:10 UTC,2010-12-05 21:51:10 UTC,FALSE,0,0,NA
727,28734,barack obama,0,0,0,50.0,TRUE,131764,2010-12-05 21:48:05 UTC,2010-12-05 21:48:05 UTC,FALSE,0,0,NA
727,28733,Barack Obama,0,0,0,50.0,TRUE,131748,2010-12-05 21:38:04 UTC,2010-12-05 21:38:04 UTC,FALSE,0,0,NA
727,28732,"The Washington Post--it's getting thinner all the time, and yet, the copy editors still can't keep up.",0,0,0,50.0,TRUE,131687,2010-12-05 21:13:32 UTC,2010-12-05 21:13:32 UTC,FALSE,0,0,NA
727,28731,president Obama,0,0,0,50.0,TRUE,131681,2010-12-05 21:11:06 UTC,2010-12-05 21:11:06 UTC,FALSE,0,0,NA
727,28730,The Federal Deficit,0,0,0,50.0,TRUE,131663,2010-12-05 21:09:17 UTC,2010-12-05 21:09:17 UTC,FALSE,0,0,NA
727,28729,The National Debt,0,0,0,50.0,TRUE,131663,2010-12-05 21:09:07 UTC,2010-12-05 21:09:07 UTC,FALSE,0,0,NA
727,28728,Mr. Rangel,0,0,0,50.0,TRUE,131613,2010-12-05 20:38:40 UTC,2010-12-05 20:38:40 UTC,FALSE,0,0,NA
727,28727,"That congressman from New York, what's his name?",0,0,0,50.0,TRUE,131613,2010-12-05 20:37:53 UTC,2010-12-05 20:37:53 UTC,FALSE,0,0,NA
727,28726,Senator Arlen Specter,0,0,0,50.0,TRUE,131602,2010-12-05 20:32:55 UTC,2010-12-05 20:32:55 UTC,FALSE,0,0,NA
727,28725,Barak Obama,0,0,0,50.0,TRUE,131596,2010-12-05 20:31:26 UTC,2010-12-05 20:31:26 UTC,FALSE,0,0,NA
727,28724,president obama,0,0,0,50.0,TRUE,131576,2010-12-05 20:25:56 UTC,2010-12-05 20:25:56 UTC,FALSE,0,0,NA
727,28723,8 years of George W. Bush,0,0,0,50.0,TRUE,131522,2010-12-05 20:05:45 UTC,2010-12-05 20:05:45 UTC,FALSE,0,0,NA
727,28722,Any American that is not rich.,0,0,0,50.0,TRUE,131423,2010-12-05 19:43:29 UTC,2010-12-05 19:43:29 UTC,FALSE,0,0,NA
727,28721,Vince Gray,0,0,0,50.0,TRUE,131312,2010-12-05 19:13:18 UTC,2010-12-05 19:13:18 UTC,FALSE,0,0,NA
727,28720,The USA,0,0,0,50.0,TRUE,131309,2010-12-05 19:07:45 UTC,2010-12-05 19:07:45 UTC,FALSE,0,0,NA
727,28719,Barack Obama,0,0,0,50.0,TRUE,131192,2010-12-05 18:18:16 UTC,2010-12-05 18:18:16 UTC,FALSE,0,0,NA
727,28718,obama,0,0,0,50.0,TRUE,131186,2010-12-05 18:13:26 UTC,2010-12-05 18:13:26 UTC,FALSE,0,0,NA
727,28712,Obama,0,0,0,50.0,TRUE,131176,2010-12-05 18:09:01 UTC,2010-12-05 18:09:01 UTC,FALSE,0,0,NA
727,28711,poor and working people sold out by a Congress and Executive beholden to the rich,0,0,0,50.0,TRUE,131168,2010-12-05 18:05:46 UTC,2010-12-05 18:05:46 UTC,FALSE,0,0,NA
727,28710,Nancy Pelosi,0,0,0,50.0,TRUE,131123,2010-12-05 17:48:49 UTC,2010-12-05 17:48:49 UTC,FALSE,0,0,NA
727,28709,obama,0,0,0,50.0,TRUE,131115,2010-12-05 17:41:39 UTC,2010-12-05 17:41:39 UTC,FALSE,0,0,NA
727,28708,The voters.,0,0,0,50.0,TRUE,131057,2010-12-05 17:09:46 UTC,2010-12-05 17:09:46 UTC,FALSE,0,0,NA
727,28705,Small Businesses,0,0,0,50.0,TRUE,130982,2010-12-05 16:22:47 UTC,2010-12-05 16:22:47 UTC,FALSE,0,0,NA
727,28704,President Obama,0,0,0,50.0,TRUE,130946,2010-12-05 16:08:52 UTC,2010-12-05 16:08:52 UTC,FALSE,0,0,NA
727,28703,The middle class,0,0,0,50.0,TRUE,130935,2010-12-05 15:59:20 UTC,2010-12-05 15:59:20 UTC,FALSE,0,0,NA
727,28702,Nancy Pelosi,0,0,0,50.0,TRUE,130926,2010-12-05 15:49:55 UTC,2010-12-05 15:49:55 UTC,FALSE,0,0,NA
727,28701,Obama,0,0,0,50.0,TRUE,130899,2010-12-05 15:38:33 UTC,2010-12-05 15:38:33 UTC,FALSE,0,0,NA
727,28700,eric holden,0,0,0,50.0,TRUE,130888,2010-12-05 15:30:36 UTC,2010-12-05 15:30:36 UTC,FALSE,0,0,NA
727,28699,John Boehner,0,0,0,50.0,TRUE,130884,2010-12-05 15:29:50 UTC,2010-12-05 15:29:50 UTC,FALSE,0,0,NA
727,28698,obama,0,0,0,50.0,TRUE,130845,2010-12-05 15:00:46 UTC,2010-12-05 15:00:46 UTC,FALSE,0,0,NA
727,28697,"All of the American People under this lousy administration, the Pelosi Congress and the Reid Senate.....",0,0,0,50.0,TRUE,130767,2010-12-05 14:27:33 UTC,2010-12-05 14:27:33 UTC,FALSE,0,0,NA
727,28696,OBAMA,0,0,0,50.0,TRUE,130496,2010-12-05 14:03:04 UTC,2010-12-05 14:03:04 UTC,FALSE,0,0,NA
727,28695,The undocumented but innocent child immigrant,0,0,0,50.0,TRUE,130239,2010-12-05 13:45:46 UTC,2010-12-05 13:45:46 UTC,FALSE,0,0,NA
727,28694,Charles Rangel,0,0,0,50.0,TRUE,130229,2010-12-05 13:45:13 UTC,2010-12-05 13:45:13 UTC,FALSE,0,0,NA
727,28693,obama,0,0,0,50.0,TRUE,130120,2010-12-05 13:41:09 UTC,2010-12-05 13:41:09 UTC,FALSE,0,0,NA
727,28692,Pres Obama,0,0,0,50.0,TRUE,129912,2010-12-05 13:30:35 UTC,2010-12-05 13:30:35 UTC,FALSE,0,0,NA
727,28691,Who had the worse year in Washinton....the American people of course.,0,0,0,50.0,TRUE,129808,2010-12-05 13:25:38 UTC,2010-12-05 13:25:38 UTC,FALSE,0,0,NA
727,28690,Barak  Obama,0,0,0,50.0,TRUE,129707,2010-12-05 13:19:08 UTC,2010-12-05 13:19:08 UTC,FALSE,0,0,NA
727,28689,"We, the people.",0,0,0,50.0,TRUE,129709,2010-12-05 13:19:07 UTC,2010-12-05 13:19:07 UTC,FALSE,0,0,NA
727,28688,U> S> John Citizen.,0,0,0,50.0,TRUE,129147,2010-12-05 12:48:29 UTC,2010-12-05 12:48:29 UTC,FALSE,0,0,NA
727,28687,The American people. They re being terrorized by the politicians. It is a national disgrace. P.L.,0,0,0,50.0,TRUE,129037,2010-12-05 12:35:24 UTC,2010-12-05 12:35:24 UTC,FALSE,0,0,NA
727,28686,obamatron,0,0,0,50.0,TRUE,129024,2010-12-05 12:26:16 UTC,2010-12-05 12:26:16 UTC,FALSE,0,0,NA
727,28685,President Obama,0,0,0,50.0,TRUE,128981,2010-12-05 12:07:56 UTC,2010-12-05 12:07:56 UTC,FALSE,0,0,NA
727,28684,Democrats:Obama,0,0,0,50.0,TRUE,128935,2010-12-05 11:51:19 UTC,2010-12-05 11:51:19 UTC,FALSE,0,0,NA
727,28683,Redskins Orioles,0,0,0,50.0,TRUE,128931,2010-12-05 11:50:16 UTC,2010-12-05 11:50:16 UTC,FALSE,0,0,NA
727,28682,Pres. Obama,0,0,0,50.0,TRUE,128884,2010-12-05 11:02:28 UTC,2010-12-05 11:02:28 UTC,FALSE,0,0,NA
727,28679,Obama,0,0,0,50.0,TRUE,128862,2010-12-05 10:37:24 UTC,2010-12-05 10:37:24 UTC,FALSE,0,0,NA
727,28678,President Obama,0,0,0,50.0,TRUE,128844,2010-12-05 10:03:49 UTC,2010-12-05 10:03:49 UTC,FALSE,0,0,NA
727,28653,President Obama,0,0,0,50.0,TRUE,128785,2010-12-05 08:38:34 UTC,2010-12-05 08:38:34 UTC,FALSE,0,0,NA
727,28652,david axelrod,0,0,0,50.0,TRUE,128781,2010-12-05 08:36:38 UTC,2010-12-05 08:36:38 UTC,FALSE,0,0,NA
727,28647,The American people with all the socialist policies passed by the Damitcrats.,0,0,0,50.0,TRUE,128750,2010-12-05 07:33:19 UTC,2010-12-05 07:33:19 UTC,FALSE,0,0,NA
727,28646,Barrack Obama,0,0,0,50.0,TRUE,128704,2010-12-05 06:58:47 UTC,2010-12-05 06:58:47 UTC,FALSE,0,0,NA
727,28645,Obama,0,0,0,50.0,TRUE,128687,2010-12-05 06:37:43 UTC,2010-12-05 06:37:43 UTC,FALSE,0,0,NA
727,28643,Republicans lost their souls.,0,0,0,50.0,TRUE,128235,2010-12-05 03:05:32 UTC,2010-12-05 03:05:32 UTC,FALSE,0,0,NA
727,28631,Military Retirees/Dependents,0,0,0,50.0,TRUE,127778,2010-12-03 20:01:57 UTC,2010-12-03 20:01:57 UTC,FALSE,0,0,NA
727,28630,Barack Hussein Obama,0,0,0,50.0,TRUE,127767,2010-12-03 19:23:05 UTC,2010-12-03 19:23:05 UTC,FALSE,0,0,NA
727,28623,It would have to be Massa: Chris has way too much fun doing this type of thing!,0,0,0,50.0,TRUE,127116,2010-12-03 13:09:32 UTC,2010-12-03 13:09:32 UTC,FALSE,0,0,NA
727,28622,The US citizen,0,0,0,50.0,TRUE,127116,2010-12-03 13:05:16 UTC,2010-12-03 13:05:16 UTC,FALSE,0,0,NA
727,28099,Nancy Pelosi,0,0,0,50.0,TRUE,127093,2010-12-03 12:59:00 UTC,2010-12-03 12:59:00 UTC,FALSE,0,0,NA
727,27409,Barack Obama,0,0,0,50.0,TRUE,126992,2010-12-03 12:25:52 UTC,2010-12-03 12:25:52 UTC,FALSE,0,0,NA
727,27408,"The American people who voted for Republicans who have promised to impoverish them.  By winning, they are guaranteed to lose",0,0,0,50.0,TRUE,126988,2010-12-03 12:24:46 UTC,2010-12-03 12:24:46 UTC,FALSE,0,0,NA
727,27407,obama,0,0,0,50.0,TRUE,126969,2010-12-03 12:13:04 UTC,2010-12-03 12:13:04 UTC,FALSE,0,0,NA
727,27406,Objective Reporting,0,0,0,50.0,TRUE,126925,2010-12-03 12:11:38 UTC,2010-12-03 12:11:38 UTC,FALSE,0,0,NA
727,27405,Mark Sanford,0,0,0,50.0,TRUE,126925,2010-12-03 12:09:51 UTC,2010-12-03 12:09:51 UTC,FALSE,0,0,NA
727,27404,Inclusion,0,0,0,50.0,TRUE,126925,2010-12-03 12:08:36 UTC,2010-12-03 12:08:36 UTC,FALSE,0,0,NA
727,27403,Tolerance,0,0,0,50.0,TRUE,126925,2010-12-03 12:07:52 UTC,2010-12-03 12:07:52 UTC,FALSE,0,0,NA
727,27402,Intellectual Thought,0,0,0,50.0,TRUE,126925,2010-12-03 12:07:40 UTC,2010-12-03 12:07:40 UTC,FALSE,0,0,NA
727,27401,Common Sense,0,0,0,50.0,TRUE,126925,2010-12-03 12:07:19 UTC,2010-12-03 12:07:19 UTC,FALSE,0,0,NA
727,27400,Intelligence,0,0,0,50.0,TRUE,126925,2010-12-03 12:06:24 UTC,2010-12-03 12:06:24 UTC,FALSE,0,0,NA
727,27363,rangel,0,0,0,50.0,TRUE,126867,2010-12-03 11:10:17 UTC,2010-12-03 11:10:17 UTC,FALSE,0,0,NA
727,27349,The U. S. Constitution's Amendments.,0,0,0,50.0,TRUE,126733,2010-12-03 08:41:13 UTC,2010-12-03 08:41:13 UTC,FALSE,0,0,NA
727,27346,General McChrystal.      American Values,0,0,0,50.0,TRUE,126543,2010-12-03 08:02:37 UTC,2010-12-03 08:02:37 UTC,FALSE,0,0,NA
727,27345,pres obama,0,0,0,50.0,TRUE,126529,2010-12-03 08:00:39 UTC,2010-12-03 08:00:39 UTC,FALSE,0,0,NA
727,27344,Rolling Stone.  America's Defense,0,0,0,50.0,TRUE,126522,2010-12-03 07:57:52 UTC,2010-12-03 07:57:52 UTC,FALSE,0,0,NA
727,27342,"Hispanic Americans.  They got nada for saving the Dems in Colo, NV and Ca",0,0,0,50.0,TRUE,126284,2010-12-03 06:32:04 UTC,2010-12-03 06:32:04 UTC,FALSE,0,0,NA
727,27314,"Charlie Rangel, obviously.",0,0,0,50.0,TRUE,125712,2010-12-02 18:13:59 UTC,2010-12-02 18:13:59 UTC,FALSE,0,0,NA
727,27309,Federal Civilian Employees,0,0,0,50.0,TRUE,125583,2010-12-02 16:19:40 UTC,2010-12-02 16:19:40 UTC,FALSE,0,0,NA
727,27308,Michael Steele,0,0,0,50.0,TRUE,125482,2010-12-02 15:30:03 UTC,2010-12-02 15:30:03 UTC,FALSE,0,0,NA
727,27298,Moderate Voters,0,0,0,50.0,TRUE,125367,2010-12-02 15:04:32 UTC,2010-12-02 15:04:32 UTC,FALSE,0,0,NA
727,27297,President Obama,0,0,0,50.0,TRUE,125364,2010-12-02 15:01:47 UTC,2010-12-02 15:01:47 UTC,FALSE,0,0,NA
727,27296,Rep Charles Rangel,0,0,0,50.0,TRUE,125354,2010-12-02 14:57:42 UTC,2010-12-02 14:57:42 UTC,FALSE,0,0,NA
727,27295,obama,0,0,0,50.0,TRUE,125321,2010-12-02 14:50:09 UTC,2010-12-02 14:50:09 UTC,FALSE,0,0,NA
727,27294,Michael Steel,0,0,0,50.0,TRUE,125314,2010-12-02 14:46:38 UTC,2010-12-02 14:46:38 UTC,FALSE,0,0,NA
727,27293,American Taxpayer,0,0,0,50.0,TRUE,125302,2010-12-02 14:43:10 UTC,2010-12-02 14:43:10 UTC,FALSE,0,0,NA
727,27291,The State Department,0,0,0,50.0,TRUE,125169,2010-12-02 14:07:59 UTC,2010-12-02 14:07:59 UTC,FALSE,0,0,NA
727,27290,President Obama,0,0,0,50.0,TRUE,125160,2010-12-02 14:02:37 UTC,2010-12-02 14:02:37 UTC,FALSE,0,0,NA
727,27288,Altruism vs. Greed,0,0,0,50.0,TRUE,125014,2010-12-02 13:24:19 UTC,2010-12-02 13:24:19 UTC,FALSE,0,0,NA
727,27287,Michael Steele,0,0,0,50.0,TRUE,124974,2010-12-02 13:06:40 UTC,2010-12-02 13:06:40 UTC,FALSE,0,0,NA
727,27286,Liberalism and the Socialist Party of Deceit...aka Democrats.,0,0,0,50.0,TRUE,124954,2010-12-02 12:59:49 UTC,2010-12-02 12:59:49 UTC,FALSE,0,0,NA
727,27285,"We, the People have been ignored,  abandoned and screwed by our elected officers",0,0,0,50.0,TRUE,124939,2010-12-02 12:47:52 UTC,2010-12-02 12:47:52 UTC,FALSE,0,0,NA
727,27273,Constitutional Freedoms and Civil Rights,0,0,0,50.0,TRUE,124660,2010-12-02 03:45:34 UTC,2010-12-02 03:45:34 UTC,FALSE,0,0,NA
727,27272,Barack Obama,0,0,0,50.0,TRUE,124649,2010-12-02 03:35:35 UTC,2010-12-02 03:35:35 UTC,FALSE,0,0,NA
727,27266,Nancy Pelosi,0,0,0,50.0,TRUE,124538,2010-12-02 02:20:21 UTC,2010-12-02 02:20:21 UTC,FALSE,0,0,NA
727,27260,me,0,0,0,50.0,TRUE,124392,2010-12-02 01:20:24 UTC,2010-12-02 01:20:24 UTC,FALSE,0,0,NA
727,27253,Bart Stupak,0,0,0,50.0,TRUE,124297,2010-12-01 23:50:05 UTC,2010-12-01 23:50:05 UTC,FALSE,0,0,NA
727,27252,Obama,0,0,0,50.0,TRUE,124292,2010-12-01 23:46:03 UTC,2010-12-01 23:46:03 UTC,FALSE,0,0,NA
727,27249,War criminals,0,0,0,50.0,TRUE,124133,2010-12-01 22:55:07 UTC,2010-12-01 22:55:07 UTC,FALSE,0,0,NA
727,27240,Mayor Adrian Fenty,0,0,0,50.0,TRUE,124076,2010-12-01 22:24:46 UTC,2010-12-01 22:24:46 UTC,FALSE,0,0,NA
727,27237,Arlin Spector,0,0,0,50.0,TRUE,124059,2010-12-01 22:16:07 UTC,2010-12-01 22:16:07 UTC,FALSE,0,0,NA
727,27219,Barack Obama,0,0,0,50.0,TRUE,123617,2010-12-01 21:14:20 UTC,2010-12-01 21:14:20 UTC,FALSE,0,0,NA
727,27217,Chris Van Hoellen,0,0,0,50.0,TRUE,123570,2010-12-01 21:07:06 UTC,2010-12-01 21:07:06 UTC,FALSE,0,0,NA
727,27216,Nancy Pelosi,0,0,0,50.0,TRUE,123570,2010-12-01 21:06:44 UTC,2010-12-01 21:06:44 UTC,FALSE,0,0,NA
727,27207,Democrats,0,0,0,50.0,TRUE,123521,2010-12-01 20:59:42 UTC,2010-12-01 20:59:42 UTC,FALSE,0,0,NA
727,27206,"I had the worst year, Americans are under seige from Out Of Control Government. JWTX",0,0,0,50.0,TRUE,123440,2010-12-01 20:49:56 UTC,2010-12-01 20:49:56 UTC,FALSE,0,0,NA
727,27204,the Democrats,0,0,0,50.0,TRUE,123361,2010-12-01 20:34:51 UTC,2010-12-01 20:34:51 UTC,FALSE,0,0,NA
727,27203,Nancy Pelosi,0,0,0,50.0,TRUE,122677,2010-12-01 19:37:55 UTC,2010-12-01 19:37:55 UTC,FALSE,0,0,NA
727,27196,Obama,0,0,0,50.0,TRUE,122567,2010-12-01 19:06:17 UTC,2010-12-01 19:06:17 UTC,FALSE,0,0,NA
727,27182,The American people. As usual.,0,0,0,50.0,TRUE,122016,2010-12-01 17:52:01 UTC,2010-12-01 17:52:01 UTC,FALSE,0,0,NA
727,27180,The unemployed of metro D.C. (or the entire country!),0,0,0,50.0,TRUE,121840,2010-12-01 17:34:24 UTC,2010-12-01 17:34:24 UTC,FALSE,0,0,NA
727,27179,Rep. Alan Mollohan,0,0,0,50.0,TRUE,121885,2010-12-01 17:33:34 UTC,2010-12-01 17:33:34 UTC,FALSE,0,0,NA
727,27177,Obamessiah,0,0,0,50.0,TRUE,121820,2010-12-01 17:25:16 UTC,2010-12-01 17:25:16 UTC,FALSE,0,0,NA
727,27171,Science,0,0,0,50.0,TRUE,121626,2010-12-01 17:03:52 UTC,2010-12-01 17:03:52 UTC,FALSE,0,0,NA
727,27170,The U.S. Senate,0,0,0,50.0,TRUE,121626,2010-12-01 17:03:33 UTC,2010-12-01 17:03:33 UTC,FALSE,0,0,NA
727,27168,Seattle Mariners,0,0,0,50.0,TRUE,121626,2010-12-01 17:00:57 UTC,2010-12-01 17:00:57 UTC,FALSE,0,0,NA
727,27163,Chris Cillizza for his gargantuan contribution to the dumbing down of modern political discourse.,0,0,0,50.0,TRUE,121513,2010-12-01 16:44:14 UTC,2010-12-01 16:44:14 UTC,FALSE,0,0,NA
727,27160,Bi-partisan cooperation to meet the modern challenges facing our country.,0,0,0,50.0,TRUE,121410,2010-12-01 16:37:10 UTC,2010-12-01 16:37:10 UTC,FALSE,0,0,NA
727,27159,Senate Tea Party candidates,0,0,0,50.0,TRUE,121410,2010-12-01 16:35:34 UTC,2010-12-01 16:35:34 UTC,FALSE,0,0,NA
727,27150,"You have to split John and Meghan, the latter is doing OK",0,0,0,50.0,TRUE,121136,2010-12-01 15:57:19 UTC,2010-12-01 15:57:19 UTC,FALSE,0,0,NA
727,27138,barack obama,0,0,0,50.0,TRUE,121049,2010-12-01 15:43:10 UTC,2010-12-01 15:43:10 UTC,FALSE,0,0,NA
727,27137,Rhee,0,0,0,50.0,TRUE,121051,2010-12-01 15:42:34 UTC,2010-12-01 15:42:34 UTC,FALSE,0,0,NA
727,27136,Keith Olbermann or the Tea Party,0,0,0,50.0,TRUE,120864,2010-12-01 15:40:51 UTC,2010-12-01 15:40:51 UTC,FALSE,0,0,NA
727,27127,The House Democrats,0,0,0,50.0,TRUE,120774,2010-12-01 15:23:25 UTC,2010-12-01 15:23:25 UTC,FALSE,0,0,NA
727,27124,The American taxpayer,0,0,0,50.0,TRUE,120573,2010-12-01 15:09:47 UTC,2010-12-01 15:09:47 UTC,FALSE,0,0,NA
727,27116,No reason to avoid the obvious: BHO,0,0,0,50.0,TRUE,120471,2010-12-01 14:46:45 UTC,2010-12-01 14:46:45 UTC,FALSE,0,0,NA
727,27107,nancy pelosi,0,0,0,50.0,TRUE,120032,2010-12-01 13:35:25 UTC,2010-12-01 13:35:25 UTC,FALSE,0,0,NA
727,27106,Rangel,0,0,0,50.0,TRUE,119721,2010-12-01 12:34:53 UTC,2010-12-01 12:34:53 UTC,FALSE,0,0,NA
727,27105,president obama,0,0,0,50.0,TRUE,119705,2010-12-01 12:34:36 UTC,2010-12-01 12:34:36 UTC,FALSE,0,0,NA
727,27104,Eric Massa,0,0,0,50.0,TRUE,119478,2010-12-01 07:54:45 UTC,2010-12-01 07:54:45 UTC,FALSE,0,0,NA
727,27103,Eric Massa,0,0,0,50.0,TRUE,119475,2010-12-01 07:52:49 UTC,2010-12-01 07:52:49 UTC,FALSE,0,0,NA
727,27101,Charlie Crist,0,0,0,50.0,TRUE,119435,2010-12-01 07:07:07 UTC,2010-12-01 07:07:07 UTC,FALSE,0,0,NA
727,27100,Barrack Hussein Obama,0,0,0,50.0,TRUE,119045,2010-12-01 05:21:20 UTC,2010-12-01 05:21:20 UTC,FALSE,0,0,NA
727,27099,President Obama,0,0,0,50.0,TRUE,118998,2010-12-01 05:02:22 UTC,2010-12-01 05:02:22 UTC,FALSE,0,0,NA
727,27098,charlie Crist,0,0,0,50.0,TRUE,118962,2010-12-01 04:59:47 UTC,2010-12-01 04:59:47 UTC,FALSE,0,0,NA
727,27097,me,0,0,0,50.0,TRUE,118897,2010-12-01 04:29:26 UTC,2010-12-01 04:29:26 UTC,FALSE,0,0,NA
727,26756,Michael steel,0,0,0,50.0,TRUE,118590,2010-12-01 03:18:03 UTC,2010-12-01 03:18:03 UTC,FALSE,0,0,NA
727,26754,"the people of the USA, this week and every week for the last 30 years of Reagonomics.",0,0,0,50.0,TRUE,118459,2010-12-01 02:36:52 UTC,2010-12-01 02:36:52 UTC,FALSE,0,0,NA
727,26753,Barack Obama,0,0,0,50.0,TRUE,118451,2010-12-01 02:31:51 UTC,2010-12-01 02:31:51 UTC,FALSE,0,0,NA
727,26667,Henry Waxman and George Miller,0,0,0,50.0,TRUE,118271,2010-12-01 01:53:26 UTC,2010-12-01 01:53:26 UTC,FALSE,0,0,NA
727,26666,ACORN,0,0,0,50.0,TRUE,118268,2010-12-01 01:53:00 UTC,2010-12-01 01:53:00 UTC,FALSE,0,0,NA
727,26665,President Barak  Obama,0,0,0,50.0,TRUE,118198,2010-12-01 01:49:40 UTC,2010-12-01 01:49:40 UTC,FALSE,0,0,NA
727,26664,Bipartisanship,0,0,0,50.0,TRUE,118153,2010-12-01 01:45:12 UTC,2010-12-01 01:45:12 UTC,FALSE,0,0,NA
727,26663,The middle class.,0,0,0,50.0,TRUE,117929,2010-12-01 00:37:00 UTC,2010-12-01 00:37:00 UTC,FALSE,0,0,NA
727,26662,Barack Obama,0,0,0,50.0,TRUE,117904,2010-12-01 00:29:38 UTC,2010-12-01 00:29:38 UTC,FALSE,0,0,NA
727,26661,Nancy Pelosi,0,0,0,50.0,TRUE,117864,2010-12-01 00:18:28 UTC,2010-12-01 00:18:28 UTC,FALSE,0,0,NA
727,26660,Bipartisanship,0,0,0,50.0,TRUE,117685,2010-12-01 00:00:53 UTC,2010-12-01 00:00:53 UTC,FALSE,0,0,NA
727,26659,Texas Senator Kay Bailey Hutchison,0,0,0,50.0,TRUE,117657,2010-11-30 23:51:52 UTC,2010-11-30 23:51:52 UTC,FALSE,0,0,NA
727,26658,We citizens ... because lost the best Senator ever.... Sen Russ Feingold!!!,0,0,0,50.0,TRUE,117509,2010-11-30 23:24:05 UTC,2010-11-30 23:24:05 UTC,FALSE,0,0,NA
727,26657,Martha Coakley,0,0,0,50.0,TRUE,117429,2010-11-30 23:23:01 UTC,2010-11-30 23:23:01 UTC,FALSE,0,0,NA
727,26656,Washington Wizards,0,0,0,50.0,TRUE,117322,2010-11-30 22:57:52 UTC,2010-11-30 22:57:52 UTC,FALSE,0,0,NA
727,26655,Adrian Fenty,0,0,0,50.0,TRUE,117322,2010-11-30 22:56:01 UTC,2010-11-30 22:56:01 UTC,FALSE,0,0,NA
727,26654,Nancy Pelosi,0,0,0,50.0,TRUE,117323,2010-11-30 22:55:45 UTC,2010-11-30 22:55:45 UTC,FALSE,0,0,NA
727,26652,Mack Brown (worst year anywhere),0,0,0,50.0,TRUE,117241,2010-11-30 22:41:20 UTC,2010-11-30 22:41:20 UTC,FALSE,0,0,NA
727,26651,charlie christ of fla,0,0,0,50.0,TRUE,117226,2010-11-30 22:39:44 UTC,2010-11-30 22:39:44 UTC,FALSE,0,0,NA
727,26650,Progressives,0,0,0,50.0,TRUE,117210,2010-11-30 22:38:07 UTC,2010-11-30 22:38:07 UTC,FALSE,0,0,NA
727,26644,Barack Obama,0,0,0,50.0,TRUE,117218,2010-11-30 22:36:23 UTC,2010-11-30 22:36:23 UTC,FALSE,0,0,NA
727,26643,russ feingold,0,0,0,50.0,TRUE,117187,2010-11-30 22:33:16 UTC,2010-11-30 22:33:16 UTC,FALSE,0,0,NA
727,26640,Tie between Pres. Osama and Pelosi.,0,0,0,50.0,TRUE,117097,2010-11-30 22:28:54 UTC,2010-11-30 22:28:54 UTC,FALSE,0,0,NA
727,26639,Blue Dog Democrats,0,0,0,50.0,TRUE,116794,2010-11-30 21:53:38 UTC,2010-11-30 21:53:38 UTC,FALSE,0,0,NA
727,26638,President Obama,0,0,0,50.0,TRUE,116808,2010-11-30 21:47:27 UTC,2010-11-30 21:47:27 UTC,FALSE,0,0,NA
727,26637,"Mitch McConnell, because it only get harder and harder to obstruct govt. while pandering to all the upstarts who beat you",0,0,0,50.0,TRUE,116732,2010-11-30 21:42:37 UTC,2010-11-30 21:42:37 UTC,FALSE,0,0,NA
727,26636,charlie rangel,0,0,0,50.0,TRUE,116710,2010-11-30 21:37:32 UTC,2010-11-30 21:37:32 UTC,FALSE,0,0,NA
727,26634,david shuster,0,0,0,50.0,TRUE,115624,2010-11-30 21:12:01 UTC,2010-11-30 21:12:01 UTC,FALSE,0,0,NA
727,26630,President Obama's Mandate for Change,0,0,0,50.0,TRUE,116341,2010-11-30 21:06:27 UTC,2010-11-30 21:06:27 UTC,FALSE,0,0,NA
727,26629,The Bush Tax Cuts,0,0,0,50.0,TRUE,116341,2010-11-30 21:05:46 UTC,2010-11-30 21:05:46 UTC,FALSE,0,0,NA
727,26628,American Diplomats,0,0,0,50.0,TRUE,116341,2010-11-30 21:05:06 UTC,2010-11-30 21:05:06 UTC,FALSE,0,0,NA
727,26627,Blanche Lincoln,0,0,0,50.0,TRUE,116387,2010-11-30 21:03:21 UTC,2010-11-30 21:03:21 UTC,FALSE,0,0,NA
727,26626,Reactionary news cycles,0,0,0,50.0,TRUE,116341,2010-11-30 21:00:21 UTC,2010-11-30 21:00:21 UTC,FALSE,0,0,NA
727,26625,Barack Obama,0,0,0,50.0,TRUE,116299,2010-11-30 20:52:12 UTC,2010-11-30 20:52:12 UTC,FALSE,0,0,NA
727,26624,Gays in military,0,0,0,50.0,TRUE,115624,2010-11-30 20:51:21 UTC,2010-11-30 20:51:21 UTC,FALSE,0,0,NA
727,26623,Obama - from Scott Brown to losing the House.   Obama ended the year with no message and completely without direction,0,0,0,50.0,TRUE,116253,2010-11-30 20:50:48 UTC,2010-11-30 20:50:48 UTC,FALSE,0,0,NA
727,26622,Middle Class,0,0,0,50.0,TRUE,116254,2010-11-30 20:46:57 UTC,2010-11-30 20:46:57 UTC,FALSE,0,0,NA
727,26621,Nancy Pelosi and the liberal/progressive agenda.,0,0,0,50.0,TRUE,116233,2010-11-30 20:46:01 UTC,2010-11-30 20:46:01 UTC,FALSE,0,0,NA
727,26620,Southern Democrats,0,0,0,50.0,TRUE,116184,2010-11-30 20:42:49 UTC,2010-11-30 20:42:49 UTC,FALSE,0,0,NA
727,26619,Charlie Crist,0,0,0,50.0,TRUE,115960,2010-11-30 20:15:19 UTC,2010-11-30 20:15:19 UTC,FALSE,0,0,NA
727,26618,Eric Holder,0,0,0,50.0,TRUE,115765,2010-11-30 20:05:43 UTC,2010-11-30 20:05:43 UTC,FALSE,0,0,NA
727,26617,Charlie Rangel,0,0,0,50.0,TRUE,115824,2010-11-30 19:58:50 UTC,2010-11-30 19:58:50 UTC,FALSE,0,0,NA
727,26616,Tim Kaine,0,0,0,50.0,TRUE,115624,2010-11-30 19:50:45 UTC,2010-11-30 19:50:45 UTC,FALSE,0,0,NA
727,26615,"President Obama, hands down.",0,0,0,50.0,TRUE,115735,2010-11-30 19:49:18 UTC,2010-11-30 19:49:18 UTC,FALSE,0,0,NA
727,26614,Barack Obama,0,0,0,50.0,TRUE,115736,2010-11-30 19:49:07 UTC,2010-11-30 19:49:07 UTC,FALSE,0,0,NA
727,26613,recent college graduates,0,0,0,50.0,TRUE,115691,2010-11-30 19:48:07 UTC,2010-11-30 19:48:07 UTC,FALSE,0,0,NA
727,26612,Moderates,0,0,0,50.0,TRUE,115701,2010-11-30 19:45:16 UTC,2010-11-30 19:45:16 UTC,FALSE,0,0,NA
727,26611,Taxpayer and unsubsidized business,0,0,0,50.0,TRUE,115560,2010-11-30 19:33:45 UTC,2010-11-30 19:33:45 UTC,FALSE,0,0,NA
727,26610,Charlie Crist,0,0,0,50.0,TRUE,115396,2010-11-30 19:27:29 UTC,2010-11-30 19:27:29 UTC,FALSE,0,0,NA
727,26609,Justice Clarence Thomas,0,0,0,50.0,TRUE,115452,2010-11-30 19:23:33 UTC,2010-11-30 19:23:33 UTC,FALSE,0,0,NA
727,26608,Moderate Republicans,0,0,0,50.0,TRUE,115442,2010-11-30 19:23:05 UTC,2010-11-30 19:23:05 UTC,FALSE,0,0,NA
727,26607,Those seeking unemployment funds,0,0,0,50.0,TRUE,115438,2010-11-30 19:22:56 UTC,2010-11-30 19:22:56 UTC,FALSE,0,0,NA
727,26606,Alvin Greene,0,0,0,50.0,TRUE,115427,2010-11-30 19:22:29 UTC,2010-11-30 19:22:29 UTC,FALSE,0,0,NA
727,26605,Rahm Emmanuel,0,0,0,50.0,TRUE,115422,2010-11-30 19:21:22 UTC,2010-11-30 19:21:22 UTC,FALSE,0,0,NA
727,26604,Joe Miller,0,0,0,50.0,TRUE,115414,2010-11-30 19:21:05 UTC,2010-11-30 19:21:05 UTC,FALSE,0,0,NA
727,26603,former President George W. Bush,0,0,0,50.0,TRUE,115407,2010-11-30 19:20:47 UTC,2010-11-30 19:20:47 UTC,FALSE,0,0,NA
727,26602,Gov. Charlie Crist,0,0,0,50.0,TRUE,115406,2010-11-30 19:20:37 UTC,2010-11-30 19:20:37 UTC,FALSE,0,0,NA
727,26601,Justice Elena Kagan,0,0,0,50.0,TRUE,115402,2010-11-30 19:20:19 UTC,2010-11-30 19:20:19 UTC,FALSE,0,0,NA
727,26600,former Justice John Paul Stevens,0,0,0,50.0,TRUE,115399,2010-11-30 19:20:05 UTC,2010-11-30 19:20:05 UTC,FALSE,0,0,NA
727,26599,former Gov. Sarah Palin,0,0,0,50.0,TRUE,115394,2010-11-30 19:19:39 UTC,2010-11-30 19:19:39 UTC,FALSE,0,0,NA
727,26598,Online Privacy,0,0,0,50.0,TRUE,115391,2010-11-30 19:19:26 UTC,2010-11-30 19:19:26 UTC,FALSE,0,0,NA
727,26597,Sen. Russ Feingold,0,0,0,50.0,TRUE,115390,2010-11-30 19:19:06 UTC,2010-11-30 19:19:06 UTC,FALSE,0,0,NA
727,26596,Meg Whitman,0,0,0,50.0,TRUE,115389,2010-11-30 19:19:00 UTC,2010-11-30 19:19:00 UTC,FALSE,0,0,NA
727,26595,Sen. Arlen Specter,0,0,0,50.0,TRUE,115385,2010-11-30 19:18:47 UTC,2010-11-30 19:18:47 UTC,FALSE,0,0,NA
727,26594,Trey Greyson,0,0,0,50.0,TRUE,115379,2010-11-30 19:18:38 UTC,2010-11-30 19:18:38 UTC,FALSE,0,0,NA
727,26593,WikiLeaks,0,0,0,50.0,TRUE,115374,2010-11-30 19:18:27 UTC,2010-11-30 19:18:27 UTC,FALSE,0,0,NA
727,26592,State Secrets,0,0,0,50.0,TRUE,115370,2010-11-30 19:18:20 UTC,2010-11-30 19:18:20 UTC,FALSE,0,0,NA
727,26591,President Barack Obama,0,0,0,50.0,TRUE,115361,2010-11-30 19:18:04 UTC,2010-11-30 19:18:04 UTC,FALSE,0,0,NA
727,26590,The Tea Party,0,0,0,50.0,TRUE,115354,2010-11-30 19:17:48 UTC,2010-11-30 19:17:48 UTC,FALSE,0,0,NA
727,26589,nancy pelosi,0,0,0,50.0,TRUE,115213,2010-11-30 19:16:42 UTC,2010-11-30 19:16:42 UTC,FALSE,0,0,NA
727,26588,Mitch McConnell,0,0,0,50.0,TRUE,115288,2010-11-30 19:16:24 UTC,2010-11-30 19:16:24 UTC,FALSE,0,0,NA
727,26587,Charlie Crist,0,0,0,50.0,TRUE,115246,2010-11-30 19:16:09 UTC,2010-11-30 19:16:09 UTC,FALSE,0,0,NA
727,26586,Barack Obama,0,0,0,50.0,TRUE,115220,2010-11-30 19:14:38 UTC,2010-11-30 19:14:38 UTC,FALSE,0,0,NA
727,26585,Democrats,0,0,0,50.0,TRUE,115220,2010-11-30 19:14:07 UTC,2010-11-30 19:14:07 UTC,FALSE,0,0,NA
727,26584,Barack Obama,0,0,0,50.0,TRUE,115194,2010-11-30 19:14:00 UTC,2010-11-30 19:14:00 UTC,FALSE,0,0,NA
727,26583,Sanity,0,0,0,50.0,TRUE,115185,2010-11-30 19:13:51 UTC,2010-11-30 19:13:51 UTC,FALSE,0,0,NA
727,26582,Barack Obama,0,0,0,50.0,TRUE,115150,2010-11-30 19:13:06 UTC,2010-11-30 19:13:06 UTC,FALSE,0,0,NA
727,26581,Eric Holder,0,0,0,50.0,TRUE,115113,2010-11-30 19:10:04 UTC,2010-11-30 19:10:04 UTC,FALSE,0,0,NA
727,26580,chris van hollen,0,0,0,50.0,TRUE,115081,2010-11-30 19:09:58 UTC,2010-11-30 19:09:58 UTC,FALSE,0,0,NA
727,26579,working poor,0,0,0,50.0,TRUE,114986,2010-11-30 18:56:25 UTC,2010-11-30 18:56:25 UTC,FALSE,0,0,NA
727,26577,President Obama,0,0,0,50.0,TRUE,114957,2010-11-30 18:30:18 UTC,2010-11-30 18:30:18 UTC,FALSE,0,0,NA
727,26574,Sen. Russ Feingold,0,0,0,50.0,TRUE,114918,2010-11-30 18:06:42 UTC,2010-11-30 18:06:42 UTC,FALSE,0,0,NA
727,26573,Sen. Blanche Lincoln,0,0,0,50.0,TRUE,114918,2010-11-30 18:05:54 UTC,2010-11-30 18:05:54 UTC,FALSE,0,0,NA
727,26572,Rep. Mike Castle,0,0,0,50.0,TRUE,114918,2010-11-30 18:05:36 UTC,2010-11-30 18:05:36 UTC,FALSE,0,0,NA
727,26571,Sharron Angle,0,0,0,50.0,TRUE,114918,2010-11-30 18:05:15 UTC,2010-11-30 18:05:15 UTC,FALSE,0,0,NA
727,26561,Barack Hussain Obama,0,0,0,50.0,TRUE,114735,2010-11-30 16:30:42 UTC,2010-11-30 16:30:42 UTC,FALSE,0,0,NA
727,26560,Gen. McChrystal,0,0,0,50.0,TRUE,114732,2010-11-30 16:29:40 UTC,2010-11-30 16:29:40 UTC,FALSE,0,0,NA
727,26559,Ivory billed woodpecker or Tom Delay,0,0,0,50.0,TRUE,114727,2010-11-30 16:27:30 UTC,2010-11-30 16:27:30 UTC,FALSE,0,0,NA
727,26558,Adrian Fenty,0,0,0,50.0,TRUE,114711,2010-11-30 16:22:28 UTC,2010-11-30 16:22:28 UTC,FALSE,0,0,NA
727,26555,The obama administration  especially Pelosi,0,0,0,50.0,TRUE,114688,2010-11-30 16:15:27 UTC,2010-11-30 16:15:27 UTC,FALSE,0,0,NA
727,26553,The people who had the worst year are readers of the Washington Post who are subjected to the likes of morons like you and your nonsense.,0,0,0,50.0,TRUE,114651,2010-11-30 16:00:38 UTC,2010-11-30 16:00:38 UTC,FALSE,0,0,NA
727,26552,BHO,0,0,0,50.0,TRUE,114625,2010-11-30 15:54:38 UTC,2010-11-30 15:54:38 UTC,FALSE,0,0,NA
727,26551,BHO,0,0,0,50.0,TRUE,114624,2010-11-30 15:54:24 UTC,2010-11-30 15:54:24 UTC,FALSE,0,0,NA
727,26550,BHO,0,0,0,50.0,TRUE,114623,2010-11-30 15:54:13 UTC,2010-11-30 15:54:13 UTC,FALSE,0,0,NA
727,26549,Barack Obama,0,0,0,50.0,TRUE,114461,2010-11-30 15:38:29 UTC,2010-11-30 15:38:29 UTC,FALSE,0,0,NA
727,26548,President Obama,0,0,0,50.0,TRUE,114446,2010-11-30 15:36:31 UTC,2010-11-30 15:36:31 UTC,FALSE,0,0,NA
727,26547,obama,0,0,0,50.0,TRUE,114406,2010-11-30 15:30:37 UTC,2010-11-30 15:30:37 UTC,FALSE,0,0,NA
727,26546,obama,0,0,0,50.0,TRUE,114334,2010-11-30 15:17:47 UTC,2010-11-30 15:17:47 UTC,FALSE,0,0,NA
727,26545,obama,0,0,0,50.0,TRUE,114230,2010-11-30 15:14:37 UTC,2010-11-30 15:14:37 UTC,FALSE,0,0,NA
727,26544,Obama,0,0,0,50.0,TRUE,114267,2010-11-30 15:10:50 UTC,2010-11-30 15:10:50 UTC,FALSE,0,0,NA
727,26543,Don't know Davis,0,0,0,50.0,TRUE,114187,2010-11-30 15:07:44 UTC,2010-11-30 15:07:44 UTC,FALSE,0,0,NA
727,26542,the workikng poor,0,0,0,50.0,TRUE,114225,2010-11-30 15:06:18 UTC,2010-11-30 15:06:18 UTC,FALSE,0,0,NA
727,26541,Obama,0,0,0,50.0,TRUE,114229,2010-11-30 15:06:10 UTC,2010-11-30 15:06:10 UTC,FALSE,0,0,NA
727,26540,barak obama,0,0,0,50.0,TRUE,114211,2010-11-30 15:04:15 UTC,2010-11-30 15:04:15 UTC,FALSE,0,0,NA
727,26539,Sarah Palin will end the year on a negative note.  She's becomming one of them.,0,0,0,50.0,TRUE,114156,2010-11-30 15:01:43 UTC,2010-11-30 15:01:43 UTC,FALSE,0,0,NA
727,26538,Barack Obama,0,0,0,50.0,TRUE,114177,2010-11-30 15:00:06 UTC,2010-11-30 15:00:06 UTC,FALSE,0,0,NA
727,26537,Barak Obama,0,0,0,50.0,TRUE,114125,2010-11-30 14:52:07 UTC,2010-11-30 14:52:07 UTC,FALSE,0,0,NA
727,26536,President Obama,0,0,0,50.0,TRUE,114113,2010-11-30 14:50:53 UTC,2010-11-30 14:50:53 UTC,FALSE,0,0,NA
727,26535,US CITIZENS,0,0,0,50.0,TRUE,113880,2010-11-30 14:26:29 UTC,2010-11-30 14:26:29 UTC,FALSE,0,0,NA
727,26532,The Working Poor,0,0,0,50.0,TRUE,113780,2010-11-30 14:18:05 UTC,2010-11-30 14:18:05 UTC,FALSE,0,0,NA
727,26531,Albert Haynesworth,0,0,0,50.0,TRUE,113683,2010-11-30 13:59:35 UTC,2010-11-30 13:59:35 UTC,FALSE,0,0,NA
727,26530,rep. charles rangel,0,0,0,50.0,TRUE,113603,2010-11-30 13:57:14 UTC,2010-11-30 13:57:14 UTC,FALSE,0,0,NA
727,26529,President Obama,0,0,0,50.0,TRUE,113561,2010-11-30 13:50:24 UTC,2010-11-30 13:50:24 UTC,FALSE,0,0,NA
727,26528,Obama,0,0,0,50.0,TRUE,113514,2010-11-30 13:45:24 UTC,2010-11-30 13:45:24 UTC,FALSE,0,0,NA
727,26527,Obama,0,0,0,50.0,TRUE,113487,2010-11-30 13:40:27 UTC,2010-11-30 13:40:27 UTC,FALSE,0,0,NA
727,26526,"Jim Zorn, Dan Snyder",0,0,0,50.0,TRUE,113418,2010-11-30 13:29:07 UTC,2010-11-30 13:29:07 UTC,FALSE,0,0,NA
727,26525,Not even wanted by his own party,0,0,0,50.0,TRUE,113411,2010-11-30 13:27:55 UTC,2010-11-30 13:27:55 UTC,FALSE,0,0,NA
727,26524,Michelle Rhee,0,0,0,50.0,TRUE,113375,2010-11-30 13:25:18 UTC,2010-11-30 13:25:18 UTC,FALSE,0,0,NA
727,26523,George W. Bush,0,0,0,50.0,TRUE,113259,2010-11-30 13:14:40 UTC,2010-11-30 13:14:40 UTC,FALSE,0,0,NA
727,26522,Petraeus must now fight non winable war and Pelosi must fight non winable fight in congress both lose,0,0,0,50.0,TRUE,113257,2010-11-30 13:07:41 UTC,2010-11-30 13:07:41 UTC,FALSE,0,0,NA
727,26521,Obamaq,0,0,0,50.0,TRUE,113315,2010-11-30 13:07:04 UTC,2010-11-30 13:07:04 UTC,FALSE,0,0,NA
727,26520,Presidents Obama during election never listed his accomplishments.,0,0,0,50.0,TRUE,113116,2010-11-30 12:52:11 UTC,2010-11-30 12:52:11 UTC,FALSE,0,0,NA
727,26519,DEMOCRATS in general,0,0,0,50.0,TRUE,113112,2010-11-30 12:44:08 UTC,2010-11-30 12:44:08 UTC,FALSE,0,0,NA
727,26518,"Progressives. We thought we voted for Churchill, instead got Chamberlain.",0,0,0,50.0,TRUE,113033,2010-11-30 12:38:03 UTC,2010-11-30 12:38:03 UTC,FALSE,0,0,NA
727,26517,STATE DEPARTMENT,0,0,0,50.0,TRUE,113051,2010-11-30 12:35:52 UTC,2010-11-30 12:35:52 UTC,FALSE,0,0,NA
727,26516,Barack Obama,0,0,0,50.0,TRUE,113043,2010-11-30 12:35:08 UTC,2010-11-30 12:35:08 UTC,FALSE,0,0,NA
727,26515,Obama,0,0,0,50.0,TRUE,113029,2010-11-30 12:31:48 UTC,2010-11-30 12:31:48 UTC,FALSE,0,0,NA
727,26514,President Obama,0,0,0,50.0,TRUE,113010,2010-11-30 12:29:06 UTC,2010-11-30 12:29:06 UTC,FALSE,0,0,NA
727,26513,The Washington Post,0,0,0,50.0,TRUE,112988,2010-11-30 12:23:43 UTC,2010-11-30 12:23:43 UTC,FALSE,0,0,NA
727,26512,It was a tie they both were horrible.,0,0,0,50.0,TRUE,112904,2010-11-30 12:11:57 UTC,2010-11-30 12:11:57 UTC,FALSE,0,0,NA
727,26511,School Children in the District,0,0,0,50.0,TRUE,112888,2010-11-30 12:08:32 UTC,2010-11-30 12:08:32 UTC,FALSE,0,0,NA
727,26510,Obama,0,0,0,50.0,TRUE,112893,2010-11-30 12:08:26 UTC,2010-11-30 12:08:26 UTC,FALSE,0,0,NA
727,26509,Nobel Peace Prize                                                                        Benjamin Netanyahu,0,0,0,50.0,TRUE,112568,2010-11-30 11:34:03 UTC,2010-11-30 11:34:03 UTC,FALSE,0,0,NA
727,26508,Global Warming junk science                                                    Al Gore,0,0,0,50.0,TRUE,112568,2010-11-30 11:33:13 UTC,2010-11-30 11:33:13 UTC,FALSE,0,0,NA
727,26507,Middle class vs. Republicans,0,0,0,50.0,TRUE,112560,2010-11-30 11:31:21 UTC,2010-11-30 11:31:21 UTC,FALSE,0,0,NA
727,26506,Women's rights vs Conservatism,0,0,0,50.0,TRUE,112560,2010-11-30 11:30:44 UTC,2010-11-30 11:30:44 UTC,FALSE,0,0,NA
727,26505,President Obama,0,0,0,50.0,TRUE,112556,2010-11-30 11:23:08 UTC,2010-11-30 11:23:08 UTC,FALSE,0,0,NA
727,26503,"President Obama, by far.  Who cares about Palin?  Its the President, stupid.  His influence and popularity has waned in the US and globally!",0,0,0,50.0,TRUE,112462,2010-11-30 10:40:05 UTC,2010-11-30 10:40:05 UTC,FALSE,0,0,NA
727,26502,The American Citizen,0,0,0,50.0,TRUE,112417,2010-11-30 10:37:18 UTC,2010-11-30 10:37:18 UTC,FALSE,0,0,NA
727,26501,President Obama,0,0,0,50.0,TRUE,112244,2010-11-30 09:25:15 UTC,2010-11-30 09:25:15 UTC,FALSE,0,0,NA
727,26500,President Obama,0,0,0,50.0,TRUE,112233,2010-11-30 09:18:55 UTC,2010-11-30 09:18:55 UTC,FALSE,0,0,NA
727,26499,president obama,0,0,0,50.0,TRUE,112132,2010-11-30 08:05:10 UTC,2010-11-30 08:05:10 UTC,FALSE,0,0,NA
727,26498,"Tareq and Micheale Salahi, White House State Dinner crashers! They ease through White House security, un-noticed by multi-layered checks.",0,0,0,50.0,TRUE,112103,2010-11-30 07:40:10 UTC,2010-11-30 07:40:10 UTC,FALSE,0,0,NA
727,26497,The working poor,0,0,0,50.0,TRUE,112082,2010-11-30 07:24:56 UTC,2010-11-30 07:24:56 UTC,FALSE,0,0,NA
727,26496,Barack Obama,0,0,0,50.0,TRUE,111977,2010-11-30 06:49:40 UTC,2010-11-30 06:49:40 UTC,FALSE,0,0,NA
727,26491,Robert Gibbs,0,0,0,50.0,TRUE,111161,2010-11-30 05:03:38 UTC,2010-11-30 05:03:38 UTC,FALSE,0,0,NA
727,26490,The Poor,0,0,0,50.0,TRUE,111054,2010-11-30 04:56:15 UTC,2010-11-30 04:56:15 UTC,FALSE,0,0,NA
727,26489,Daniel Snyder,0,0,0,50.0,TRUE,111018,2010-11-30 04:41:59 UTC,2010-11-30 04:41:59 UTC,FALSE,0,0,NA
727,26487,Barack Obama,0,0,0,50.0,TRUE,110873,2010-11-30 04:13:58 UTC,2010-11-30 04:13:58 UTC,FALSE,0,0,NA
727,26486,Ingmar Guandique,0,0,0,50.0,TRUE,110814,2010-11-30 04:10:23 UTC,2010-11-30 04:10:23 UTC,FALSE,0,0,NA
727,26485,The (legal) American Citizens,0,0,0,50.0,TRUE,110822,2010-11-30 04:08:44 UTC,2010-11-30 04:08:44 UTC,FALSE,0,0,NA
727,26484,Tea Party Republicans,0,0,0,50.0,TRUE,110727,2010-11-30 04:05:44 UTC,2010-11-30 04:05:44 UTC,FALSE,0,0,NA
727,26482,Nancy Pelosi,0,0,0,50.0,TRUE,110768,2010-11-30 04:01:48 UTC,2010-11-30 04:01:48 UTC,FALSE,0,0,NA
727,26480,Donovan McNabb or Gilbert Arenas,0,0,0,50.0,TRUE,110605,2010-11-30 03:55:20 UTC,2010-11-30 03:55:20 UTC,FALSE,0,0,NA
727,26479,Maxine Watters,0,0,0,50.0,TRUE,110605,2010-11-30 03:50:20 UTC,2010-11-30 03:50:20 UTC,FALSE,0,0,NA
727,26478,Charlie Rangel,0,0,0,50.0,TRUE,110605,2010-11-30 03:49:01 UTC,2010-11-30 03:49:01 UTC,FALSE,0,0,NA
727,26477,President Obama,0,0,0,50.0,TRUE,110696,2010-11-30 03:46:39 UTC,2010-11-30 03:46:39 UTC,FALSE,0,0,NA
727,26476,The Environment or Big Oil,0,0,0,50.0,TRUE,110579,2010-11-30 03:41:30 UTC,2010-11-30 03:41:30 UTC,FALSE,0,0,NA
727,26475,Glenn Beck or John Stewart,0,0,0,50.0,TRUE,110579,2010-11-30 03:40:57 UTC,2010-11-30 03:40:57 UTC,FALSE,0,0,NA
727,26474,"sorry, but a good ideA DO NOT NEED TO  BE FOR NTHE LENGHT.",0,0,0,50.0,TRUE,110589,2010-11-30 03:39:51 UTC,2010-11-30 03:39:51 UTC,FALSE,0,0,NA
727,26473,Obama,0,0,0,50.0,TRUE,110503,2010-11-30 03:30:19 UTC,2010-11-30 03:30:19 UTC,FALSE,0,0,NA
727,26472,"All U.S. Citizens.  ""Taxpayers"" implies that our only problem is taxes.  Our tax system is just one of many problems.",0,0,0,50.0,TRUE,110401,2010-11-30 03:27:44 UTC,2010-11-30 03:27:44 UTC,FALSE,0,0,NA
727,26471,Obama,0,0,0,50.0,TRUE,110396,2010-11-30 03:19:57 UTC,2010-11-30 03:19:57 UTC,FALSE,0,0,NA
727,26470,The American worker,0,0,0,50.0,TRUE,110382,2010-11-30 03:18:34 UTC,2010-11-30 03:18:34 UTC,FALSE,0,0,NA
727,26469,Barack Obama,0,0,0,50.0,TRUE,110338,2010-11-30 02:24:49 UTC,2010-11-30 02:24:49 UTC,FALSE,0,0,NA
727,26468,House Democrats,0,0,0,50.0,TRUE,110328,2010-11-30 02:20:42 UTC,2010-11-30 02:20:42 UTC,FALSE,0,0,NA
727,26465,House Democrats,0,0,0,50.0,TRUE,110131,2010-11-29 22:17:41 UTC,2010-11-29 22:17:41 UTC,FALSE,0,0,NA
727,26464,me,0,0,0,50.0,TRUE,110089,2010-11-29 21:48:34 UTC,2010-11-29 21:48:34 UTC,FALSE,0,0,NA
727,26462,Barack Obama,0,0,0,50.0,TRUE,109898,2010-11-29 19:57:01 UTC,2010-11-29 19:57:01 UTC,FALSE,0,0,NA
727,26461,the American worker,0,0,0,50.0,TRUE,109688,2010-11-29 19:18:59 UTC,2010-11-29 19:18:59 UTC,FALSE,0,0,NA
727,26460,Nancy Pelosi,0,0,0,50.0,TRUE,109606,2010-11-29 19:01:17 UTC,2010-11-29 19:01:17 UTC,FALSE,0,0,NA
727,26458,charlie rangel,0,0,0,50.0,TRUE,109548,2010-11-29 18:50:04 UTC,2010-11-29 18:50:04 UTC,FALSE,0,0,NA
727,26457,The Democrats in Congress,0,0,0,50.0,TRUE,109516,2010-11-29 18:42:26 UTC,2010-11-29 18:42:26 UTC,FALSE,0,0,NA
727,26456,Sarah Palin and the MSM,0,0,0,50.0,TRUE,109371,2010-11-29 18:36:21 UTC,2010-11-29 18:36:21 UTC,FALSE,0,0,NA
727,26455,obama,0,0,0,50.0,TRUE,109429,2010-11-29 18:32:01 UTC,2010-11-29 18:32:01 UTC,FALSE,0,0,NA
727,26454,Nancy Pelosi.,0,0,0,50.0,TRUE,109413,2010-11-29 18:30:55 UTC,2010-11-29 18:30:55 UTC,FALSE,0,0,NA
727,26453,BOTH,0,0,0,50.0,TRUE,109388,2010-11-29 18:30:14 UTC,2010-11-29 18:30:14 UTC,FALSE,0,0,NA
727,26452,The American People,0,0,0,50.0,TRUE,109368,2010-11-29 18:27:56 UTC,2010-11-29 18:27:56 UTC,FALSE,0,0,NA
727,26451,Clarence and Ginny Thomas,0,0,0,50.0,TRUE,109335,2010-11-29 18:22:18 UTC,2010-11-29 18:22:18 UTC,FALSE,0,0,NA
727,26449,Rep Charlie Rangel (D-NY),0,0,0,50.0,TRUE,109289,2010-11-29 17:55:00 UTC,2010-11-29 17:55:00 UTC,FALSE,0,0,NA
727,26448,Obama,0,0,0,50.0,TRUE,109227,2010-11-29 17:05:34 UTC,2010-11-29 17:05:34 UTC,FALSE,0,0,NA
727,26447,President Obama,0,0,0,50.0,TRUE,109006,2010-11-29 15:46:57 UTC,2010-11-29 15:46:57 UTC,FALSE,0,0,NA
727,26446,"Former Rep. Eric ""Tickle Me Elmo"" Massa (D-N.Y.)",0,0,0,50.0,TRUE,108862,2010-11-29 14:34:34 UTC,2010-11-29 14:34:34 UTC,FALSE,0,0,NA
727,26445,President Obama,0,0,0,50.0,TRUE,108803,2010-11-29 14:10:42 UTC,2010-11-29 14:10:42 UTC,FALSE,0,0,NA
727,26444,stephanie herseth sandlin,0,0,0,50.0,TRUE,108725,2010-11-29 13:23:26 UTC,2010-11-29 13:23:26 UTC,FALSE,0,0,NA
727,26443,joe miller,0,0,0,50.0,TRUE,108724,2010-11-29 13:23:17 UTC,2010-11-29 13:23:17 UTC,FALSE,0,0,NA
727,26442,ken buck,0,0,0,50.0,TRUE,108723,2010-11-29 13:23:10 UTC,2010-11-29 13:23:10 UTC,FALSE,0,0,NA
727,26440,Michelle Rhee,0,0,0,50.0,TRUE,108664,2010-11-29 12:41:37 UTC,2010-11-29 12:41:37 UTC,FALSE,0,0,NA
727,26439,The Democratic Party,0,0,0,50.0,TRUE,108420,2010-11-29 05:03:55 UTC,2010-11-29 05:03:55 UTC,FALSE,0,0,NA
727,26438,Obama on all accounts.,0,0,0,50.0,TRUE,108367,2010-11-29 04:49:14 UTC,2010-11-29 04:49:14 UTC,FALSE,0,0,NA
727,26437,Nancy Pelosi,0,0,0,50.0,TRUE,108337,2010-11-29 04:39:24 UTC,2010-11-29 04:39:24 UTC,FALSE,0,0,NA
727,26436,Senator Mitch McConnell - Lost at everything he tried.,0,0,0,50.0,TRUE,108330,2010-11-29 04:37:18 UTC,2010-11-29 04:37:18 UTC,FALSE,0,0,NA
727,26435,Obama,0,0,0,50.0,TRUE,107934,2010-11-29 03:02:56 UTC,2010-11-29 03:02:56 UTC,FALSE,0,0,NA
727,26432,Michelle Rhee,0,0,0,50.0,TRUE,107510,2010-11-29 02:05:06 UTC,2010-11-29 02:05:06 UTC,FALSE,0,0,NA
727,26370,Rahm Emanuel,0,0,0,50.0,TRUE,107510,2010-11-29 02:03:15 UTC,2010-11-29 02:03:15 UTC,FALSE,0,0,NA
727,26367,Pelosi,0,0,0,50.0,TRUE,107431,2010-11-29 01:24:20 UTC,2010-11-29 01:24:20 UTC,FALSE,0,0,NA
727,26366,"Nancy Pelosi said ""We have to pass this bill to see whats in it.  If history is impartial she will be forever remembered as an idiot.",0,0,0,50.0,TRUE,107428,2010-11-29 01:24:04 UTC,2010-11-29 01:24:04 UTC,FALSE,0,0,NA
727,26365,President Obama,0,0,0,50.0,TRUE,107429,2010-11-29 01:23:27 UTC,2010-11-29 01:23:27 UTC,FALSE,0,0,NA
727,26364,michael steele,0,0,0,50.0,TRUE,107340,2010-11-29 00:52:38 UTC,2010-11-29 00:52:38 UTC,FALSE,0,0,NA
727,26363,albert haynesworth,0,0,0,50.0,TRUE,107270,2010-11-29 00:29:18 UTC,2010-11-29 00:29:18 UTC,FALSE,0,0,NA
727,26362,Obama,0,0,0,50.0,TRUE,107089,2010-11-28 23:51:21 UTC,2010-11-28 23:51:21 UTC,FALSE,0,0,NA
727,26361,The media.,0,0,0,50.0,TRUE,107054,2010-11-28 23:39:43 UTC,2010-11-28 23:39:43 UTC,FALSE,0,0,NA
727,26360,"Harry Reid, because he acccomplished so little.",0,0,0,50.0,TRUE,106872,2010-11-28 22:54:43 UTC,2010-11-28 22:54:43 UTC,FALSE,0,0,NA
727,26358,The American Public,0,0,0,50.0,TRUE,106853,2010-11-28 22:49:21 UTC,2010-11-28 22:49:21 UTC,FALSE,0,0,NA
727,26356,Gen. Petraeus - Bad for all of US,0,0,0,50.0,TRUE,106427,2010-11-28 21:04:59 UTC,2010-11-28 21:04:59 UTC,FALSE,0,0,NA
727,26355,The American Taxpayer,0,0,0,50.0,TRUE,106279,2010-11-28 20:35:36 UTC,2010-11-28 20:35:36 UTC,FALSE,0,0,NA
727,26354,Mitch mcConnel,0,0,0,50.0,TRUE,106290,2010-11-28 20:34:49 UTC,2010-11-28 20:34:49 UTC,FALSE,0,0,NA
727,26353,bitchez,0,0,0,50.0,TRUE,106208,2010-11-28 20:12:11 UTC,2010-11-28 20:12:11 UTC,FALSE,0,0,NA
727,26352,Nobody .   Major victories for American Citizens,0,0,0,50.0,TRUE,106208,2010-11-28 20:11:18 UTC,2010-11-28 20:11:18 UTC,FALSE,0,0,NA
727,26350,barack obama,0,0,0,50.0,TRUE,105883,2010-11-28 18:36:27 UTC,2010-11-28 18:36:27 UTC,FALSE,0,0,NA
727,26349,The American citizens,0,0,0,50.0,TRUE,105738,2010-11-28 18:18:07 UTC,2010-11-28 18:18:07 UTC,FALSE,0,0,NA
727,26348,barak obama,0,0,0,50.0,TRUE,105711,2010-11-28 18:10:04 UTC,2010-11-28 18:10:04 UTC,FALSE,0,0,NA
727,26347,Michael Steele,0,0,0,50.0,TRUE,105639,2010-11-28 18:00:58 UTC,2010-11-28 18:00:58 UTC,FALSE,0,0,NA
727,26346,Obama,0,0,0,50.0,TRUE,105588,2010-11-28 17:50:47 UTC,2010-11-28 17:50:47 UTC,FALSE,0,0,NA
727,26342,Mayor Adrian Fenty had the worst year in Washington,0,0,0,50.0,TRUE,105412,2010-11-28 17:29:07 UTC,2010-11-28 17:29:07 UTC,FALSE,0,0,NA
727,26341,"The American people, but hopefully that will change due to the November election results.",0,0,0,50.0,TRUE,105321,2010-11-28 17:09:45 UTC,2010-11-28 17:09:45 UTC,FALSE,0,0,NA
727,26340,President Obama,0,0,0,50.0,TRUE,105188,2010-11-28 16:46:41 UTC,2010-11-28 16:46:41 UTC,FALSE,0,0,NA
727,26339,tom delay,0,0,0,50.0,TRUE,105197,2010-11-28 16:46:16 UTC,2010-11-28 16:46:16 UTC,FALSE,0,0,NA
727,26338,President Obama,0,0,0,50.0,TRUE,105176,2010-11-28 16:45:05 UTC,2010-11-28 16:45:05 UTC,FALSE,0,0,NA
727,26337,The American people.,0,0,0,50.0,TRUE,105166,2010-11-28 16:42:06 UTC,2010-11-28 16:42:06 UTC,FALSE,0,0,NA
727,26336,facebook,0,0,0,50.0,TRUE,104818,2010-11-28 16:31:49 UTC,2010-11-28 16:31:49 UTC,FALSE,0,0,NA
727,26335,Mayor Fenty,0,0,0,50.0,TRUE,104947,2010-11-28 16:25:47 UTC,2010-11-28 16:25:47 UTC,FALSE,0,0,NA
727,26334,The American People,0,0,0,50.0,TRUE,104696,2010-11-28 15:59:12 UTC,2010-11-28 15:59:12 UTC,FALSE,0,0,NA
727,26333,The American workers.,0,0,0,50.0,TRUE,104706,2010-11-28 15:56:38 UTC,2010-11-28 15:56:38 UTC,FALSE,0,0,NA
727,26332,President Obama,0,0,0,50.0,TRUE,104600,2010-11-28 15:42:28 UTC,2010-11-28 15:42:28 UTC,FALSE,0,0,NA
727,26331,"Add Senator Bennett and Congressman Castle, please.",0,0,0,50.0,TRUE,104569,2010-11-28 15:38:17 UTC,2010-11-28 15:38:17 UTC,FALSE,0,0,NA
727,26329,Nancy Pelosi,0,0,0,50.0,TRUE,104572,2010-11-28 15:37:23 UTC,2010-11-28 15:37:23 UTC,FALSE,0,0,NA
727,26326,Pres. Obama,0,0,0,50.0,TRUE,104546,2010-11-28 15:33:03 UTC,2010-11-28 15:33:03 UTC,FALSE,0,0,NA
727,26324,The American public,0,0,0,50.0,TRUE,104487,2010-11-28 15:25:04 UTC,2010-11-28 15:25:04 UTC,FALSE,0,0,NA
727,26323,The American public,0,0,0,50.0,TRUE,104487,2010-11-28 15:24:38 UTC,2010-11-28 15:24:38 UTC,FALSE,0,0,NA
727,26322,President Obama,0,0,0,50.0,TRUE,104317,2010-11-28 15:12:29 UTC,2010-11-28 15:12:29 UTC,FALSE,0,0,NA
727,26321,Michael Steele,0,0,0,50.0,TRUE,104203,2010-11-28 15:01:50 UTC,2010-11-28 15:01:50 UTC,FALSE,0,0,NA
727,26319,marvinknight,0,0,0,50.0,TRUE,104193,2010-11-28 14:57:04 UTC,2010-11-28 14:57:04 UTC,FALSE,0,0,NA
727,26317,sarah palin,0,0,0,50.0,TRUE,104052,2010-11-28 14:45:35 UTC,2010-11-28 14:45:35 UTC,FALSE,0,0,NA
727,26316,DC school children -- for the focus on DC politics instead of on their achievement,0,0,0,50.0,TRUE,104035,2010-11-28 14:41:40 UTC,2010-11-28 14:41:40 UTC,FALSE,0,0,NA
727,26315,isn't that DAVID Petreus?,0,0,0,50.0,TRUE,103939,2010-11-28 14:29:07 UTC,2010-11-28 14:29:07 UTC,FALSE,0,0,NA
727,26314,Barack Obama,0,0,0,50.0,TRUE,103925,2010-11-28 14:21:16 UTC,2010-11-28 14:21:16 UTC,FALSE,0,0,NA
727,26313,President Obama,0,0,0,50.0,TRUE,103869,2010-11-28 14:14:13 UTC,2010-11-28 14:14:13 UTC,FALSE,0,0,NA
727,26312,The American People,0,0,0,50.0,TRUE,103855,2010-11-28 14:06:19 UTC,2010-11-28 14:06:19 UTC,FALSE,0,0,NA
727,26311,House Democrats,0,0,0,50.0,TRUE,103841,2010-11-28 14:03:42 UTC,2010-11-28 14:03:42 UTC,FALSE,0,0,NA
727,26309,Congressional Democrats,0,0,0,50.0,TRUE,103774,2010-11-28 13:51:53 UTC,2010-11-28 13:51:53 UTC,FALSE,0,0,NA
727,26308,The American People,0,0,0,50.0,TRUE,103744,2010-11-28 13:46:46 UTC,2010-11-28 13:46:46 UTC,FALSE,0,0,NA
727,26307,Obama,0,0,0,50.0,TRUE,103681,2010-11-28 13:33:17 UTC,2010-11-28 13:33:17 UTC,FALSE,0,0,NA
727,26306,Adrian Fenty,0,0,0,50.0,TRUE,103662,2010-11-28 13:31:57 UTC,2010-11-28 13:31:57 UTC,FALSE,0,0,NA
727,26305,Obama,0,0,0,50.0,TRUE,103596,2010-11-28 13:25:38 UTC,2010-11-28 13:25:38 UTC,FALSE,0,0,NA
727,26304,President Obama Joe Biden,0,0,0,50.0,TRUE,103507,2010-11-28 13:13:23 UTC,2010-11-28 13:13:23 UTC,FALSE,0,0,NA
727,26301,American citizens,0,0,0,50.0,TRUE,103481,2010-11-28 13:07:54 UTC,2010-11-28 13:07:54 UTC,FALSE,0,0,NA
727,26300,Add your own idea here...adrian fenty,0,0,0,50.0,TRUE,103464,2010-11-28 13:05:20 UTC,2010-11-28 13:05:20 UTC,FALSE,0,0,NA
727,26299,The American people who had unwanted laws forced on them by a radical Congress.,0,0,0,50.0,TRUE,103419,2010-11-28 12:59:28 UTC,2010-11-28 12:59:28 UTC,FALSE,0,0,NA
727,26298,US voters,0,0,0,50.0,TRUE,103374,2010-11-28 12:56:27 UTC,2010-11-28 12:56:27 UTC,FALSE,0,0,NA
727,26297,Barack Obama,0,0,0,50.0,TRUE,103285,2010-11-28 12:41:24 UTC,2010-11-28 12:41:24 UTC,FALSE,0,0,NA
727,26296,The American People,0,0,0,50.0,TRUE,103261,2010-11-28 12:38:42 UTC,2010-11-28 12:38:42 UTC,FALSE,0,0,NA
727,26294,Barak Obama,0,0,0,50.0,TRUE,103252,2010-11-28 12:32:00 UTC,2010-11-28 12:32:00 UTC,FALSE,0,0,NA
727,26293,Nancy Pelosi,0,0,0,50.0,TRUE,103091,2010-11-28 12:04:26 UTC,2010-11-28 12:04:26 UTC,FALSE,0,0,NA
727,26292,President Obama,0,0,0,50.0,TRUE,103067,2010-11-28 11:54:40 UTC,2010-11-28 11:54:40 UTC,FALSE,0,0,NA
727,26290,"He always gets a bum rap in whatever he does, media is unmerciful, they love turmoil.",0,0,0,50.0,TRUE,102871,2010-11-28 11:25:40 UTC,2010-11-28 11:25:40 UTC,FALSE,0,0,NA
727,26289,"Carter gets no respect for speaking the truth, and his words get twisted for a ""made up"" controversy.",0,0,0,50.0,TRUE,102871,2010-11-28 11:24:10 UTC,2010-11-28 11:24:10 UTC,FALSE,0,0,NA
727,26288,"Gibbs seems to get nail whenever he speaks the Truth about the ""Professional Left""",0,0,0,50.0,TRUE,102871,2010-11-28 11:22:29 UTC,2010-11-28 11:22:29 UTC,FALSE,0,0,NA
727,26287,Barack Obama,0,0,0,50.0,TRUE,102962,2010-11-28 11:22:22 UTC,2010-11-28 11:22:22 UTC,FALSE,0,0,NA
727,26286,McConnell tried to for use our warriors for political gain according to GW's book.,0,0,0,50.0,TRUE,102871,2010-11-28 11:21:38 UTC,2010-11-28 11:21:38 UTC,FALSE,0,0,NA
727,26285,obama........,0,0,0,50.0,TRUE,102953,2010-11-28 11:20:34 UTC,2010-11-28 11:20:34 UTC,FALSE,0,0,NA
727,26284,Obama,0,0,0,50.0,TRUE,102941,2010-11-28 11:18:13 UTC,2010-11-28 11:18:13 UTC,FALSE,0,0,NA
727,26283,"He started a mean brawl, need I say more.",0,0,0,50.0,TRUE,102871,2010-11-28 11:17:38 UTC,2010-11-28 11:17:38 UTC,FALSE,0,0,NA
727,26282,"If Gov. Charlie Crist wouldn't have switched party's, Meek could have made it a race, he could havewon the Fl Senate.",0,0,0,50.0,TRUE,102871,2010-11-28 11:16:06 UTC,2010-11-28 11:16:06 UTC,FALSE,0,0,NA
727,26281,"Although praised for being a nice guy, he was irresponsibly compared to Rahm Emmanual to much in media.",0,0,0,50.0,TRUE,102871,2010-11-28 11:14:30 UTC,2010-11-28 11:14:30 UTC,FALSE,0,0,NA
727,26280,"He was a good mayor, voters of DC were impatient.",0,0,0,50.0,TRUE,102871,2010-11-28 11:12:56 UTC,2010-11-28 11:12:56 UTC,FALSE,0,0,NA
727,26279,Isn't his name David?,0,0,0,50.0,TRUE,102871,2010-11-28 11:12:14 UTC,2010-11-28 11:12:14 UTC,FALSE,0,0,NA
727,26278,"He got burned by the over reaction to the firing of Ms Brown, Barton's comment about B/P got swept under the rug.",0,0,0,50.0,TRUE,102871,2010-11-28 11:11:08 UTC,2010-11-28 11:11:08 UTC,FALSE,0,0,NA
727,26277,"Ms Zoe got a bum rap for bring in Steven Colbert, when in all, it was a good move to bring to light the unfairness of immigration.",0,0,0,50.0,TRUE,102871,2010-11-28 11:08:39 UTC,2010-11-28 11:08:39 UTC,FALSE,0,0,NA
727,26276,President Obama,0,0,0,50.0,TRUE,102806,2010-11-28 10:53:25 UTC,2010-11-28 10:53:25 UTC,FALSE,0,0,NA
727,26275,Barack Hussein Obama,0,0,0,50.0,TRUE,102799,2010-11-28 10:50:51 UTC,2010-11-28 10:50:51 UTC,FALSE,0,0,NA
727,26274,American Citizens as they continue to lack responsible representation from their bought and paid for Congress.,0,0,0,50.0,TRUE,102775,2010-11-28 10:32:47 UTC,2010-11-28 10:32:47 UTC,FALSE,0,0,NA
727,26269,President Obama,0,0,0,50.0,TRUE,102646,2010-11-28 09:08:44 UTC,2010-11-28 09:08:44 UTC,FALSE,0,0,NA
727,26268,Barack Obama by far,0,0,0,50.0,TRUE,102519,2010-11-28 07:38:46 UTC,2010-11-28 07:38:46 UTC,FALSE,0,0,NA
727,26267,Obama,0,0,0,50.0,TRUE,102497,2010-11-28 07:29:54 UTC,2010-11-28 07:29:54 UTC,FALSE,0,0,NA
727,26266,"Vince Gray-he won election, but made promises he can't keep,",0,0,0,50.0,TRUE,102309,2010-11-28 06:00:51 UTC,2010-11-28 06:00:51 UTC,FALSE,0,0,NA
727,26265,tiger woods,0,0,0,50.0,TRUE,102280,2010-11-28 05:34:38 UTC,2010-11-28 05:34:38 UTC,FALSE,0,0,NA
727,26264,Tim Geitner and Larry Summers,0,0,0,50.0,TRUE,102249,2010-11-28 05:25:48 UTC,2010-11-28 05:25:48 UTC,FALSE,0,0,NA
727,26263,John McCain and Megan McCain,0,0,0,50.0,TRUE,102249,2010-11-28 05:24:47 UTC,2010-11-28 05:24:47 UTC,FALSE,0,0,NA
727,26262,Adrian Fenty,0,0,0,50.0,TRUE,102248,2010-11-28 05:22:11 UTC,2010-11-28 05:22:11 UTC,FALSE,0,0,NA
727,26261,President Obama,0,0,0,50.0,TRUE,102222,2010-11-28 05:12:56 UTC,2010-11-28 05:12:56 UTC,FALSE,0,0,NA
727,26260,"Barack Obama, whose reward for doing a good job has been vilification.",0,0,0,50.0,TRUE,102205,2010-11-28 05:07:12 UTC,2010-11-28 05:07:12 UTC,FALSE,0,0,NA
727,26257,nancy,0,0,0,50.0,TRUE,102144,2010-11-28 04:39:30 UTC,2010-11-28 04:39:30 UTC,FALSE,0,0,NA
727,26256,Nancy Pelosi,0,0,0,50.0,TRUE,102118,2010-11-28 04:14:28 UTC,2010-11-28 04:14:28 UTC,FALSE,0,0,NA
727,26251,"The Chosen One, who else?",0,0,0,50.0,TRUE,102059,2010-11-28 02:14:11 UTC,2010-11-28 02:14:11 UTC,FALSE,0,0,NA
727,26250,Charlie Rangel,0,0,0,50.0,TRUE,102037,2010-11-28 01:59:54 UTC,2010-11-28 01:59:54 UTC,FALSE,0,0,NA
727,26249,Obama,0,0,0,50.0,TRUE,101982,2010-11-27 20:56:25 UTC,2010-11-27 20:56:25 UTC,FALSE,0,0,NA
727,26569,Tim Kaine,590,607,114,49.2911,TRUE,114881,2010-11-30 17:36:41 UTC,2013-01-06 00:23:13 UTC,TRUE,998,1021,NA
727,26163,Rep. Chris Van Hollen,1355,1438,338,48.5152,FALSE,99422,2010-11-24 21:23:58 UTC,2013-12-04 02:29:27 UTC,TRUE,2181,2125,NA
727,26373,Rep. Ike Skelton,519,570,141,47.6627,TRUE,107510,2010-11-29 02:04:23 UTC,2013-12-04 02:29:55 UTC,TRUE,945,939,NA
727,26310,Dan Snyder,1171,1345,256,46.5449,TRUE,103805,2010-11-28 13:58:03 UTC,2013-12-04 02:29:53 UTC,TRUE,1912,1917,NA
727,26488,Albert Haynesworth,519,605,136,46.1812,TRUE,111016,2010-11-30 04:41:46 UTC,2011-06-16 21:25:46 UTC,TRUE,964,997,NA
727,26372,Rep. James Oberstar,491,598,148,45.0962,TRUE,107510,2010-11-29 02:04:14 UTC,2013-12-04 02:29:58 UTC,TRUE,928,966,NA
727,26146,Rep. Artur Davis,1185,1470,436,44.6368,FALSE,99422,2010-11-24 21:23:57 UTC,2013-12-04 02:29:18 UTC,TRUE,2121,2160,NA
727,26148,Rep. Joe Barton,1226,1524,290,44.5858,FALSE,99422,2010-11-24 21:23:58 UTC,2013-12-04 02:28:03 UTC,TRUE,2102,2134,NA
727,26151,Tom Vilsack,1217,1543,337,44.0985,FALSE,99422,2010-11-24 21:23:58 UTC,2013-12-04 02:29:48 UTC,TRUE,2155,2160,NA
727,26570,Ken Buck,492,636,142,43.6283,TRUE,114870,2010-11-30 17:37:52 UTC,2013-12-04 02:27:12 UTC,TRUE,1048,949,NA
727,26143,Rep. Alan Mollohan,1157,1558,479,42.6205,FALSE,99422,2010-11-24 21:23:57 UTC,2013-12-11 04:58:36 UTC,TRUE,2271,2101,NA
727,26568,Rep. Stephanie Herseth Sandlin,444,599,189,42.5837,TRUE,114870,2010-11-30 17:34:15 UTC,2012-12-14 23:02:12 UTC,TRUE,938,965,NA
727,26371,Rep. Brad Ellsworth,456,631,183,41.9651,TRUE,107510,2010-11-29 02:03:55 UTC,2013-03-19 20:26:11 UTC,TRUE,973,1022,NA
727,26254,Rahm Emanuel,1126,1585,144,41.5407,TRUE,102118,2010-11-28 04:13:34 UTC,2013-12-04 02:29:58 UTC,TRUE,1958,1951,NA
727,26158,Jimmy Carter,1208,1784,184,40.3808,FALSE,99422,2010-11-24 21:23:58 UTC,2013-12-04 02:29:39 UTC,TRUE,2157,2112,NA
727,26161,Clarence Thomas,1142,1745,147,39.5639,FALSE,99422,2010-11-24 21:23:58 UTC,2011-11-09 17:36:02 UTC,TRUE,2159,2068,NA
727,26152,Rep. Zoe Lofgren,1070,1704,398,38.5807,FALSE,99422,2010-11-24 21:23:58 UTC,2013-12-04 02:28:22 UTC,TRUE,2221,2178,NA
727,26145,Elizabeth Birnbaum,984,1585,449,38.3119,FALSE,99422,2010-11-24 21:23:57 UTC,2012-08-20 13:51:46 UTC,TRUE,2082,2152,NA
727,26534,John Pistole,416,676,207,38.117,TRUE,113846,2010-11-30 14:23:27 UTC,2013-12-04 02:29:36 UTC,TRUE,1019,1044,NA
727,26328,John and Meghan McCain,1048,1754,184,37.4108,TRUE,104510,2010-11-28 15:37:21 UTC,2013-03-19 20:27:03 UTC,TRUE,1939,2033,NA
727,26495,Goldman Sachs,426,718,56,37.26,TRUE,111896,2010-11-30 06:02:54 UTC,2013-10-07 02:23:46 UTC,TRUE,949,960,NA
727,26155,Nyjer Morgan,978,1715,503,36.3265,FALSE,99422,2010-11-24 21:23:58 UTC,2013-01-06 00:23:17 UTC,TRUE,2218,2176,NA
727,26160,Vice President Biden,980,1909,194,33.9329,FALSE,99422,2010-11-24 21:23:58 UTC,2013-12-04 02:29:30 UTC,TRUE,2150,2120,NA
727,26164,Rep. Michele Bachmann,938,1998,219,31.9605,FALSE,99422,2010-11-24 21:23:58 UTC,2013-12-04 02:29:42 UTC,TRUE,2172,2155,NA
727,26159,Pete Rouse,833,1847,485,31.0962,FALSE,99422,2010-11-24 21:23:58 UTC,2013-12-11 04:58:36 UTC,TRUE,2159,2147,NA
727,26144,Sen. Mitch McConnell,838,2057,225,28.961,FALSE,99422,2010-11-24 21:23:57 UTC,2013-12-04 02:29:15 UTC,TRUE,2156,2115,NA
727,26325,Gen. David Petraeus,760,1920,186,28.3743,TRUE,104510,2010-11-28 15:29:27 UTC,2013-03-19 20:25:56 UTC,TRUE,1944,1990,NA
727,26303,Sarah Palin,741,1956,148,27.4917,TRUE,103497,2010-11-28 13:13:09 UTC,2013-03-10 23:57:31 UTC,TRUE,1925,1882,NA
727,26258,Chris Cillizza,684,1835,330,27.1718,TRUE,102133,2010-11-28 04:41:13 UTC,2013-12-04 02:29:46 UTC,TRUE,1913,1969,NA
727,26149,Gen. John Petraeus,96,278,57,25.7979,FALSE,99422,2010-11-24 21:23:58 UTC,2011-01-07 13:12:12 UTC,FALSE,272,334,NA
727,26156,Twitter,609,2194,314,21.7469,FALSE,99422,2010-11-24 21:23:58 UTC,2013-10-05 13:37:15 UTC,TRUE,2104,2185,NA
727,26459,Katy Perry,190,838,141,18.5437,TRUE,109587,2010-11-29 18:56:41 UTC,2013-12-04 02:29:55 UTC,TRUE,918,949,NA
727,26343,John Boehner,185,1018,71,15.4357,TRUE,105453,2010-11-28 17:32:19 UTC,2013-12-04 02:29:42 UTC,TRUE,1005,1015,NA
