Record Type,Skip ID,Appearance ID,Session ID,Wikisurvey ID,Left Choice ID,Left Choice Text,Right Choice ID,Right Choice Text,Prompt ID,Reason,Created at,Updated at,Response Time (s),Missing Response Time Explanation,Valid,Hashed IP Address,URL Alias,User Agent,Referrer,Widget,Info
Stopped_Voting_Or_Skipping,NA,5595391,1427790,2565,207882,Something dark and chocolatey,207885,An ale of any sort,10734881,NA,2012-07-10 17:08:10 UTC,2012-07-10 17:08:10 UTC,NA,"",TRUE,749d8459047a7c024738d643524b889a,kingmanbeer,"Mozilla/5.0 (Macintosh; Intel Mac OS X 10_7_4) AppleWebKit/536.5 (KHTML, like Gecko) Chrome/19.0.1084.56 Safari/536.5",http://www.allourideas.org/kingmanbeer/admin,FALSE,NA
Bounce,NA,5595474,1427816,2565,207884,Something local and microbrewey,207870,"New Belgium ""Mothership""",10734953,NA,2012-07-10 17:16:24 UTC,2012-07-10 17:16:24 UTC,NA,"",TRUE,f90b190f9f23693aa5b4b9ba49698c4e,kingmanbeer,Mozilla/5.0 (compatible; MSIE 9.0; Windows NT 6.1; WOW64; Trident/5.0),REFERRER_NOT_FOUND,FALSE,NA
Stopped_Voting_Or_Skipping,NA,5595554,1427821,2565,207883,Something with a high alcohol content,207873,"Sierra Nevada ""Summerfest""",10734914,NA,2012-07-10 17:20:14 UTC,2012-07-10 17:20:14 UTC,NA,"",TRUE,0cdd2260af00904baedc94baa0050fd6,kingmanbeer,"Mozilla/5.0 (Macintosh; Intel Mac OS X 10_5_8) AppleWebKit/534.50.2 (KHTML, like Gecko) Version/5.0.6 Safari/533.22.3",DIRECT_VISIT,FALSE,NA
Stopped_Voting_Or_Skipping,NA,5595655,1427820,2565,207872,"New Belgium ""1554""",207875,Guinness,10734734,NA,2012-07-10 17:24:27 UTC,2012-07-10 17:24:27 UTC,NA,"",TRUE,f933c71f15dfb64842fd9832e3734ad4,kingmanbeer,"Mozilla/5.0 (Macintosh; Intel Mac OS X 10_6_8) AppleWebKit/534.24 (KHTML, like Gecko) Chrome/11.0.696.68 Safari/534.24",DIRECT_VISIT,FALSE,NA
Skip,460150,5595716,1427832,2565,207881,A porter of any sort,207875,Guinness,10734941,dislike_both,2012-07-10 17:27:10 UTC,2012-07-10 17:27:10 UTC,11.015,"",TRUE,66c5efe2df6c573bdca5a3da6061a40e,kingmanbeer,"Mozilla/5.0 (Linux; U; Android 2.3.4; en-us; DROID BIONIC Build/5.5.1_84_DBN-62_MR-11) AppleWebKit/533.1 (KHTML, like Gecko) Version/4.0 Mobile Safari/533.1",DIRECT_VISIT,FALSE,NA
Stopped_Voting_Or_Skipping,NA,5595722,1427832,2565,207876,PBR,207872,"New Belgium ""1554""",10734798,NA,2012-07-10 17:27:13 UTC,2012-07-10 17:27:13 UTC,NA,"",TRUE,66c5efe2df6c573bdca5a3da6061a40e,kingmanbeer,"Mozilla/5.0 (Linux; U; Android 2.3.4; en-us; DROID BIONIC Build/5.5.1_84_DBN-62_MR-11) AppleWebKit/533.1 (KHTML, like Gecko) Version/4.0 Mobile Safari/533.1",DIRECT_VISIT,FALSE,NA
Skip,460155,5595780,1427837,2565,207877,"Stone ""Ruination"" IPA",207887,Everclear.,10735156,dislike_both,2012-07-10 17:30:23 UTC,2012-07-10 17:30:23 UTC,9.886,"",TRUE,30b7051a71c04de302ca70134f9b3b92,kingmanbeer,"Mozilla/5.0 (Windows NT 6.1; WOW64) AppleWebKit/536.11 (KHTML, like Gecko) Chrome/20.0.1132.47 Safari/536.11",DIRECT_VISIT,FALSE,NA
Skip,460157,5595786,1427837,2565,207887,Everclear.,207878,An IPA of any sort,10735163,dislike_both,2012-07-10 17:30:50 UTC,2012-07-10 17:30:50 UTC,4.236,"",TRUE,30b7051a71c04de302ca70134f9b3b92,kingmanbeer,"Mozilla/5.0 (Windows NT 6.1; WOW64) AppleWebKit/536.11 (KHTML, like Gecko) Chrome/20.0.1132.47 Safari/536.11",DIRECT_VISIT,FALSE,NA
Stopped_Voting_Or_Skipping,NA,5595815,1427837,2565,207873,"Sierra Nevada ""Summerfest""",207875,Guinness,10734793,NA,2012-07-10 17:32:02 UTC,2012-07-10 17:32:02 UTC,NA,"",TRUE,30b7051a71c04de302ca70134f9b3b92,kingmanbeer,"Mozilla/5.0 (Windows NT 6.1; WOW64) AppleWebKit/536.11 (KHTML, like Gecko) Chrome/20.0.1132.47 Safari/536.11",DIRECT_VISIT,FALSE,NA
Skip,460166,5595827,1427844,2565,207886,Kingman homebrew :),207883,Something with a high alcohol content,10735126,dont_know_both,2012-07-10 17:34:10 UTC,2012-07-10 17:34:10 UTC,25.765,"",TRUE,5c856391c9043cb3fcfe5fd5211746d6,kingmanbeer,"Mozilla/5.0 (Macintosh; U; Intel Mac OS X 10_6_7; en-us) AppleWebKit/533.20.25 (KHTML, like Gecko) Version/5.0.4 Safari/533.20.27",DIRECT_VISIT,FALSE,NA
Skip,460170,5595847,1427844,2565,207881,A porter of any sort,207870,"New Belgium ""Mothership""",10734933,dont_know_both,2012-07-10 17:34:33 UTC,2012-07-10 17:34:33 UTC,3.363,"",TRUE,5c856391c9043cb3fcfe5fd5211746d6,kingmanbeer,"Mozilla/5.0 (Macintosh; U; Intel Mac OS X 10_6_7; en-us) AppleWebKit/533.20.25 (KHTML, like Gecko) Version/5.0.4 Safari/533.20.27",DIRECT_VISIT,FALSE,NA
Bounce,NA,5595854,1427846,2565,207884,Something local and microbrewey,207879,Blue Moon,10734957,NA,2012-07-10 17:34:41 UTC,2012-07-10 17:34:41 UTC,NA,"",TRUE,13c19edc5a3116ee6c3393547b780d16,kingmanbeer,Mozilla/5.0 (Windows NT 6.0; WOW64; rv:13.0) Gecko/20100101 Firefox/13.0.1,REFERRER_NOT_FOUND,FALSE,NA
Skip,460173,5595857,1427844,2565,207870,"New Belgium ""Mothership""",207880,A stout of any sort,10734952,dont_know_both,2012-07-10 17:34:49 UTC,2012-07-10 17:34:49 UTC,3.102,"",TRUE,5c856391c9043cb3fcfe5fd5211746d6,kingmanbeer,"Mozilla/5.0 (Macintosh; U; Intel Mac OS X 10_6_7; en-us) AppleWebKit/533.20.25 (KHTML, like Gecko) Version/5.0.4 Safari/533.20.27",DIRECT_VISIT,FALSE,NA
Skip,460177,5595877,1427844,2565,207886,Kingman homebrew :),207887,Everclear.,10735166,dislike_both,2012-07-10 17:35:18 UTC,2012-07-10 17:35:18 UTC,4.709,"",TRUE,5c856391c9043cb3fcfe5fd5211746d6,kingmanbeer,"Mozilla/5.0 (Macintosh; U; Intel Mac OS X 10_6_7; en-us) AppleWebKit/533.20.25 (KHTML, like Gecko) Version/5.0.4 Safari/533.20.27",DIRECT_VISIT,FALSE,NA
Bounce,NA,5595898,1427850,2565,207876,PBR,207887,Everclear.,10735167,NA,2012-07-10 17:36:00 UTC,2012-07-10 17:36:00 UTC,NA,"",TRUE,749d8459047a7c024738d643524b889a,kingmanbeer,"Mozilla/5.0 (Macintosh; Intel Mac OS X 10_7_4) AppleWebKit/536.5 (KHTML, like Gecko) Chrome/19.0.1084.56 Safari/536.5",REFERRER_NOT_FOUND,FALSE,NA
Stopped_Voting_Or_Skipping,NA,5595907,1427844,2565,207869,"Bear Republic ""Racer 5"" IPA",207882,Something dark and chocolatey,10735061,NA,2012-07-10 17:36:17 UTC,2012-07-10 17:36:17 UTC,NA,"",TRUE,5c856391c9043cb3fcfe5fd5211746d6,kingmanbeer,"Mozilla/5.0 (Macintosh; U; Intel Mac OS X 10_6_7; en-us) AppleWebKit/533.20.25 (KHTML, like Gecko) Version/5.0.4 Safari/533.20.27",DIRECT_VISIT,FALSE,NA
Bounce,NA,5595935,1427855,2565,207886,Kingman homebrew :),207877,"Stone ""Ruination"" IPA",10735119,NA,2012-07-10 17:39:55 UTC,2012-07-10 17:39:55 UTC,NA,"",TRUE,921f2411724bf0af5f57b4d53d2e06f4,kingmanbeer,"Mozilla/5.0 (Macintosh; Intel Mac OS X 10_6_6) AppleWebKit/536.11 (KHTML, like Gecko) Chrome/20.0.1132.47 Safari/536.11",REFERRER_NOT_FOUND,FALSE,NA
Bounce,NA,5595985,1427860,2565,207873,"Sierra Nevada ""Summerfest""",207874,"Stone ""Arrogant Bastard"" Ale",10734811,NA,2012-07-10 17:44:16 UTC,2012-07-10 17:44:16 UTC,NA,"",TRUE,fab82559e777324c03d0d1038e085b2e,kingmanbeer,"Mozilla/5.0 (Macintosh; Intel Mac OS X 10_7_4) AppleWebKit/536.11 (KHTML, like Gecko) Chrome/20.0.1132.47 Safari/536.11",REFERRER_NOT_FOUND,FALSE,NA
Bounce,NA,5595994,1427863,2565,207876,PBR,207871,"New Belgium ""Fat Tire""",10734725,NA,2012-07-10 17:45:21 UTC,2012-07-10 17:45:21 UTC,NA,"",TRUE,94baa6d33b1094e81662490d186f0db1,kingmanbeer,"Mozilla/5.0 (Windows NT 5.1) AppleWebKit/536.11 (KHTML, like Gecko) Chrome/20.0.1132.47 Safari/536.11",REFERRER_NOT_FOUND,FALSE,NA
Bounce,NA,5595995,1427864,2565,207875,Guinness,207887,Everclear.,10735192,NA,2012-07-10 17:47:33 UTC,2012-07-10 17:47:33 UTC,NA,"",TRUE,e8e29feb30a1e8271b09917fcebcd2eb,kingmanbeer,"Mozilla/5.0 (Windows NT 6.0) AppleWebKit/536.11 (KHTML, like Gecko) Chrome/20.0.1132.47 Safari/536.11",REFERRER_NOT_FOUND,FALSE,NA
Bounce,NA,5595996,1427865,2565,207877,"Stone ""Ruination"" IPA",207869,"Bear Republic ""Racer 5"" IPA",10734739,NA,2012-07-10 17:48:42 UTC,2012-07-10 17:48:42 UTC,NA,"",TRUE,dcdc3b59091c1870cfede1e3809f03a5,kingmanbeer,"Mozilla/5.0 (Windows NT 6.1; WOW64) AppleWebKit/536.11 (KHTML, like Gecko) Chrome/20.0.1132.47 Safari/536.11",REFERRER_NOT_FOUND,FALSE,NA
Bounce,NA,5596030,1427885,2565,207882,Something dark and chocolatey,207869,"Bear Republic ""Racer 5"" IPA",10734970,NA,2012-07-10 18:04:40 UTC,2012-07-10 18:04:40 UTC,NA,"",TRUE,22df20a8ff164d72266eba14d2c7911d,kingmanbeer,"Mozilla/5.0 (Windows NT 5.1) AppleWebKit/536.11 (KHTML, like Gecko) Chrome/20.0.1132.47 Safari/536.11",REFERRER_NOT_FOUND,FALSE,NA
Bounce,NA,5596047,1427887,2565,207886,Kingman homebrew :),207880,A stout of any sort,10735131,NA,2012-07-10 18:07:15 UTC,2012-07-10 18:07:15 UTC,NA,"",TRUE,6ead8f6154bf982c714782e557eb1a2d,kingmanbeer,BlackBerry9700/5.0.0.400 Profile/MIDP-2.1 Configuration/CLDC-1.1 VendorID/117,REFERRER_NOT_FOUND,FALSE,NA
Stopped_Voting_Or_Skipping,NA,5596210,1427897,2565,207878,An IPA of any sort,207884,Something local and microbrewey,10735024,NA,2012-07-10 18:18:11 UTC,2012-07-10 18:18:11 UTC,NA,"",TRUE,ffa0334a81819233f6253d1f50c7c3af,kingmanbeer,"Mozilla/5.0 (Macintosh; Intel Mac OS X 10_6_8) AppleWebKit/536.11 (KHTML, like Gecko) Chrome/20.0.1132.47 Safari/536.11",DIRECT_VISIT,FALSE,NA
Skip,460192,5596308,1427909,2565,207887,Everclear.,207876,PBR,10735205,dislike_both,2012-07-10 18:30:05 UTC,2012-07-10 18:30:05 UTC,6.215,"",TRUE,1bc8052fc357986cea6bf530ff4d5d3a,kingmanbeer,"Mozilla/5.0 (Windows NT 6.1; WOW64) AppleWebKit/536.11 (KHTML, like Gecko) Chrome/20.0.1132.47 Safari/536.11",DIRECT_VISIT,FALSE,NA
Stopped_Voting_Or_Skipping,NA,5596317,1427909,2565,207876,PBR,207873,"Sierra Nevada ""Summerfest""",10734738,NA,2012-07-10 18:30:26 UTC,2012-07-10 18:30:26 UTC,NA,"",TRUE,1bc8052fc357986cea6bf530ff4d5d3a,kingmanbeer,"Mozilla/5.0 (Windows NT 6.1; WOW64) AppleWebKit/536.11 (KHTML, like Gecko) Chrome/20.0.1132.47 Safari/536.11",DIRECT_VISIT,FALSE,NA
Stopped_Voting_Or_Skipping,NA,5596444,1427938,2565,207874,"Stone ""Arrogant Bastard"" Ale",207871,"New Belgium ""Fat Tire""",10734760,NA,2012-07-10 18:46:53 UTC,2012-07-10 18:46:53 UTC,NA,"",TRUE,2dbd1556adf411f9e7482b3b6e583948,kingmanbeer,"Mozilla/5.0 (iPhone; CPU iPhone OS 5_1_1 like Mac OS X) AppleWebKit/534.46 (KHTML, like Gecko) Version/5.1 Mobile/9B206 Safari/7534.48.3",DIRECT_VISIT,FALSE,NA
Bounce,NA,5596474,1427948,2565,207880,A stout of any sort,207874,"Stone ""Arrogant Bastard"" Ale",10735045,NA,2012-07-10 18:54:27 UTC,2012-07-10 18:54:27 UTC,NA,"",TRUE,234518c5f32609ec0cd5c5c6b431298d,kingmanbeer,Mozilla/5.0 (Windows NT 6.1; WOW64; rv:13.0) Gecko/20100101 Firefox/13.0.1,DIRECT_VISIT,FALSE,NA
Skip,460204,5596544,1427981,2565,207869,"Bear Republic ""Racer 5"" IPA",207887,Everclear.,10735158,dislike_both,2012-07-10 19:28:52 UTC,2012-07-10 19:28:52 UTC,37.531,"",TRUE,1bc8052fc357986cea6bf530ff4d5d3a,kingmanbeer,Mozilla/5.0 (Macintosh; Intel Mac OS X 10.7; rv:13.0) Gecko/20100101 Firefox/13.0.1,http://www.allourideas.org/kingmanbeer/choices/207872,FALSE,NA
Stopped_Voting_Or_Skipping,NA,5596567,1427981,2565,207887,Everclear.,207881,A porter of any sort,10735160,NA,2012-07-10 19:29:39 UTC,2012-07-10 19:29:39 UTC,NA,"",TRUE,1bc8052fc357986cea6bf530ff4d5d3a,kingmanbeer,Mozilla/5.0 (Macintosh; Intel Mac OS X 10.7; rv:13.0) Gecko/20100101 Firefox/13.0.1,http://www.allourideas.org/kingmanbeer/choices/207872,FALSE,NA
Skip,460205,5596613,1427991,2565,207882,Something dark and chocolatey,207878,An IPA of any sort,10734989,dislike_both,2012-07-10 19:33:46 UTC,2012-07-10 19:33:46 UTC,17.686,"",TRUE,1bc8052fc357986cea6bf530ff4d5d3a,kingmanbeer,"Mozilla/5.0 (Macintosh; Intel Mac OS X 10_6_8) AppleWebKit/534.57.2 (KHTML, like Gecko) Version/5.1.7 Safari/534.57.2",DIRECT_VISIT,FALSE,NA
Skip,460206,5596625,1427991,2565,207872,"New Belgium ""1554""",207884,Something local and microbrewey,10735008,other,2012-07-10 19:34:00 UTC,2012-07-10 19:34:00 UTC,8.888,"",TRUE,1bc8052fc357986cea6bf530ff4d5d3a,kingmanbeer,"Mozilla/5.0 (Macintosh; Intel Mac OS X 10_6_8) AppleWebKit/534.57.2 (KHTML, like Gecko) Version/5.1.7 Safari/534.57.2",DIRECT_VISIT,FALSE,NA
Skip,460207,5596630,1427991,2565,207886,Kingman homebrew :),207875,Guinness,10735113,dislike_both,2012-07-10 19:34:12 UTC,2012-07-10 19:34:12 UTC,7.364,"",TRUE,1bc8052fc357986cea6bf530ff4d5d3a,kingmanbeer,"Mozilla/5.0 (Macintosh; Intel Mac OS X 10_6_8) AppleWebKit/534.57.2 (KHTML, like Gecko) Version/5.1.7 Safari/534.57.2",DIRECT_VISIT,FALSE,NA
Skip,460208,5596633,1427991,2565,207881,A porter of any sort,207869,"Bear Republic ""Racer 5"" IPA",10734911,dislike_both,2012-07-10 19:34:19 UTC,2012-07-10 19:34:19 UTC,6.136,"",TRUE,1bc8052fc357986cea6bf530ff4d5d3a,kingmanbeer,"Mozilla/5.0 (Macintosh; Intel Mac OS X 10_6_8) AppleWebKit/534.57.2 (KHTML, like Gecko) Version/5.1.7 Safari/534.57.2",DIRECT_VISIT,FALSE,NA
Skip,460209,5596635,1427991,2565,207887,Everclear.,207869,"Bear Republic ""Racer 5"" IPA",10735202,dislike_both,2012-07-10 19:34:25 UTC,2012-07-10 19:34:25 UTC,5.217,"",TRUE,1bc8052fc357986cea6bf530ff4d5d3a,kingmanbeer,"Mozilla/5.0 (Macintosh; Intel Mac OS X 10_6_8) AppleWebKit/534.57.2 (KHTML, like Gecko) Version/5.1.7 Safari/534.57.2",DIRECT_VISIT,FALSE,NA
Stopped_Voting_Or_Skipping,NA,5596636,1427991,2565,207878,An IPA of any sort,207870,"New Belgium ""Mothership""",10734869,NA,2012-07-10 19:34:25 UTC,2012-07-10 19:34:25 UTC,NA,"",TRUE,1bc8052fc357986cea6bf530ff4d5d3a,kingmanbeer,"Mozilla/5.0 (Macintosh; Intel Mac OS X 10_6_8) AppleWebKit/534.57.2 (KHTML, like Gecko) Version/5.1.7 Safari/534.57.2",DIRECT_VISIT,FALSE,NA
Stopped_Voting_Or_Skipping,NA,5596669,1428000,2565,207871,"New Belgium ""Fat Tire""",207883,Something with a high alcohol content,10735005,NA,2012-07-10 19:37:09 UTC,2012-07-10 19:37:09 UTC,NA,"",TRUE,1bc8052fc357986cea6bf530ff4d5d3a,kingmanbeer,"Mozilla/5.0 (iPhone; CPU iPhone OS 5_1_1 like Mac OS X) AppleWebKit/534.46 (KHTML, like Gecko) Version/5.1 Mobile/9B208 Safari/7534.48.3",DIRECT_VISIT,FALSE,NA
Bounce,NA,5596680,1428007,2565,207871,"New Belgium ""Fat Tire""",207868,Sierra Nevada Pale Ale,10734776,NA,2012-07-10 19:40:13 UTC,2012-07-10 19:40:13 UTC,NA,"",TRUE,a6e51dbf460dc351917cd200f2dacf53,kingmanbeer,"Mozilla/5.0 (Linux; U; Android 2.1-update1; en-us; A6277 Build/ERE27) AppleWebKit/530.17 (KHTML, like Gecko) Version/4.0 Mobile Safari/530.17 Sprint APA6277KT",REFERRER_NOT_FOUND,FALSE,NA
Stopped_Voting_Or_Skipping,NA,5596683,1428008,2565,207881,A porter of any sort,207882,Something dark and chocolatey,10735041,NA,2012-07-10 19:41:21 UTC,2012-07-10 19:41:21 UTC,NA,"",TRUE,bef10d1c122228929e6c3e6dfeafca21,kingmanbeer,Mozilla/5.0 (Windows NT 5.1; rv:6.0) Gecko/20100101 Firefox/6.0,DIRECT_VISIT,FALSE,NA
Stopped_Voting_Or_Skipping,NA,5596734,1427999,2565,207943,BLUE MOON,207885,An ale of any sort,10736884,NA,2012-07-10 19:44:49 UTC,2012-07-10 19:44:49 UTC,NA,"",TRUE,694111fea88bf644dde84986154e15d1,kingmanbeer,"Mozilla/5.0 (Macintosh; Intel Mac OS X 10_7_3) AppleWebKit/536.11 (KHTML, like Gecko) Chrome/20.0.1132.47 Safari/536.11",DIRECT_VISIT,FALSE,NA
Skip,460217,5596759,1428015,2565,207885,An ale of any sort,207881,A porter of any sort,10735066,dont_know_both,2012-07-10 19:48:51 UTC,2012-07-10 19:48:51 UTC,10.65,"",TRUE,1bc8052fc357986cea6bf530ff4d5d3a,kingmanbeer,"Mozilla/5.0 (Macintosh; Intel Mac OS X 10_6_8) AppleWebKit/536.11 (KHTML, like Gecko) Chrome/20.0.1132.47 Safari/536.11",DIRECT_VISIT,FALSE,NA
Skip,460218,5596763,1428015,2565,207877,"Stone ""Ruination"" IPA",207878,An IPA of any sort,10734863,both_same,2012-07-10 19:49:21 UTC,2012-07-10 19:49:21 UTC,15.421,"",TRUE,1bc8052fc357986cea6bf530ff4d5d3a,kingmanbeer,"Mozilla/5.0 (Macintosh; Intel Mac OS X 10_6_8) AppleWebKit/536.11 (KHTML, like Gecko) Chrome/20.0.1132.47 Safari/536.11",DIRECT_VISIT,FALSE,NA
Skip,460219,5596766,1428015,2565,207877,"Stone ""Ruination"" IPA",207872,"New Belgium ""1554""",10734750,dont_know_both,2012-07-10 19:49:30 UTC,2012-07-10 19:49:30 UTC,4.201,"",TRUE,1bc8052fc357986cea6bf530ff4d5d3a,kingmanbeer,"Mozilla/5.0 (Macintosh; Intel Mac OS X 10_6_8) AppleWebKit/536.11 (KHTML, like Gecko) Chrome/20.0.1132.47 Safari/536.11",DIRECT_VISIT,FALSE,NA
Stopped_Voting_Or_Skipping,NA,5596771,1428015,2565,207880,A stout of any sort,207877,"Stone ""Ruination"" IPA",10735022,NA,2012-07-10 19:49:50 UTC,2012-07-10 19:49:50 UTC,NA,"",TRUE,1bc8052fc357986cea6bf530ff4d5d3a,kingmanbeer,"Mozilla/5.0 (Macintosh; Intel Mac OS X 10_6_8) AppleWebKit/536.11 (KHTML, like Gecko) Chrome/20.0.1132.47 Safari/536.11",DIRECT_VISIT,FALSE,NA
Skip,460238,5596900,1428029,2565,207943,BLUE MOON,207879,Blue Moon,10736904,both_same,2012-07-10 20:02:08 UTC,2012-07-10 20:02:08 UTC,16.44,"",TRUE,1bc8052fc357986cea6bf530ff4d5d3a,kingmanbeer,"Mozilla/5.0 (Windows NT 6.1; WOW64) AppleWebKit/536.11 (KHTML, like Gecko) Chrome/20.0.1132.47 Safari/536.11",DIRECT_VISIT,FALSE,NA
Skip,460245,5597103,1428029,2565,207875,Guinness,207879,Blue Moon,10734942,dislike_both,2012-07-10 20:21:16 UTC,2012-07-10 20:21:16 UTC,6.252,"",TRUE,1bc8052fc357986cea6bf530ff4d5d3a,kingmanbeer,"Mozilla/5.0 (Windows NT 6.1; WOW64) AppleWebKit/536.11 (KHTML, like Gecko) Chrome/20.0.1132.47 Safari/536.11",http://www.allourideas.org/kingmanbeer/results?more=true,FALSE,NA
Skip,460246,5597182,1428029,2565,207943,BLUE MOON,207875,Guinness,10736895,dislike_both,2012-07-10 20:29:40 UTC,2012-07-10 20:29:40 UTC,5.32,"",TRUE,1bc8052fc357986cea6bf530ff4d5d3a,kingmanbeer,"Mozilla/5.0 (Windows NT 6.1; WOW64) AppleWebKit/536.11 (KHTML, like Gecko) Chrome/20.0.1132.47 Safari/536.11",http://www.allourideas.org/kingmanbeer/results?more=true,FALSE,NA
Skip,460247,5597192,1428029,2565,207943,BLUE MOON,207875,Guinness,10736895,dislike_both,2012-07-10 20:30:48 UTC,2012-07-10 20:30:48 UTC,5.335,"",TRUE,1bc8052fc357986cea6bf530ff4d5d3a,kingmanbeer,"Mozilla/5.0 (Windows NT 6.1; WOW64) AppleWebKit/536.11 (KHTML, like Gecko) Chrome/20.0.1132.47 Safari/536.11",http://www.allourideas.org/kingmanbeer/results?more=true,FALSE,NA
Skip,460255,5597336,1428029,2565,207875,Guinness,207882,Something dark and chocolatey,10735009,dislike_both,2012-07-10 20:38:24 UTC,2012-07-10 20:38:24 UTC,9.328,"",TRUE,1bc8052fc357986cea6bf530ff4d5d3a,kingmanbeer,"Mozilla/5.0 (Windows NT 6.1; WOW64) AppleWebKit/536.11 (KHTML, like Gecko) Chrome/20.0.1132.47 Safari/536.11",http://www.allourideas.org/kingmanbeer/results,FALSE,NA
Skip,460258,5597433,1428029,2565,207879,Blue Moon,207943,BLUE MOON,10736900,dislike_both,2012-07-10 20:43:34 UTC,2012-07-10 20:43:34 UTC,3.841,"",TRUE,1bc8052fc357986cea6bf530ff4d5d3a,kingmanbeer,"Mozilla/5.0 (Windows NT 6.1; WOW64) AppleWebKit/536.11 (KHTML, like Gecko) Chrome/20.0.1132.47 Safari/536.11",http://www.allourideas.org/kingmanbeer/results,FALSE,NA
Skip,460259,5597465,1428029,2565,207882,Something dark and chocolatey,207879,Blue Moon,10734966,dislike_both,2012-07-10 20:47:41 UTC,2012-07-10 20:47:41 UTC,10.03,"",TRUE,1bc8052fc357986cea6bf530ff4d5d3a,kingmanbeer,"Mozilla/5.0 (Windows NT 6.1; WOW64) AppleWebKit/536.11 (KHTML, like Gecko) Chrome/20.0.1132.47 Safari/536.11",http://www.allourideas.org/kingmanbeer/results,FALSE,NA
Skip,460260,5597468,1428029,2565,207943,BLUE MOON,207879,Blue Moon,10736904,dislike_both,2012-07-10 20:47:52 UTC,2012-07-10 20:47:52 UTC,3.651,"",TRUE,1bc8052fc357986cea6bf530ff4d5d3a,kingmanbeer,"Mozilla/5.0 (Windows NT 6.1; WOW64) AppleWebKit/536.11 (KHTML, like Gecko) Chrome/20.0.1132.47 Safari/536.11",http://www.allourideas.org/kingmanbeer/results,FALSE,NA
Skip,460261,5597473,1428029,2565,207875,Guinness,207882,Something dark and chocolatey,10735009,dislike_both,2012-07-10 20:48:22 UTC,2012-07-10 20:48:22 UTC,5.211,"",TRUE,1bc8052fc357986cea6bf530ff4d5d3a,kingmanbeer,"Mozilla/5.0 (Windows NT 6.1; WOW64) AppleWebKit/536.11 (KHTML, like Gecko) Chrome/20.0.1132.47 Safari/536.11",http://www.allourideas.org/kingmanbeer/results,FALSE,NA
Skip,460262,5597518,1428029,2565,207882,Something dark and chocolatey,207943,BLUE MOON,10736887,dislike_both,2012-07-10 20:52:55 UTC,2012-07-10 20:52:55 UTC,8.481,"",TRUE,1bc8052fc357986cea6bf530ff4d5d3a,kingmanbeer,"Mozilla/5.0 (Windows NT 6.1; WOW64) AppleWebKit/536.11 (KHTML, like Gecko) Chrome/20.0.1132.47 Safari/536.11",DIRECT_VISIT,FALSE,NA
Skip,460263,5597522,1428029,2565,207881,A porter of any sort,207879,Blue Moon,10734902,dislike_both,2012-07-10 20:53:06 UTC,2012-07-10 20:53:06 UTC,3.579,"",TRUE,1bc8052fc357986cea6bf530ff4d5d3a,kingmanbeer,"Mozilla/5.0 (Windows NT 6.1; WOW64) AppleWebKit/536.11 (KHTML, like Gecko) Chrome/20.0.1132.47 Safari/536.11",DIRECT_VISIT,FALSE,NA
Skip,460264,5597615,1428029,2565,207943,BLUE MOON,207875,Guinness,10736895,dislike_both,2012-07-10 21:00:34 UTC,2012-07-10 21:00:34 UTC,2.965,"",TRUE,1bc8052fc357986cea6bf530ff4d5d3a,kingmanbeer,"Mozilla/5.0 (Windows NT 6.1; WOW64) AppleWebKit/536.11 (KHTML, like Gecko) Chrome/20.0.1132.47 Safari/536.11",DIRECT_VISIT,FALSE,NA
Skip,460265,5597735,1428029,2565,207875,Guinness,207879,Blue Moon,10734942,dislike_both,2012-07-10 21:10:27 UTC,2012-07-10 21:10:27 UTC,3.18,"",TRUE,1bc8052fc357986cea6bf530ff4d5d3a,kingmanbeer,"Mozilla/5.0 (Windows NT 6.1; WOW64) AppleWebKit/536.11 (KHTML, like Gecko) Chrome/20.0.1132.47 Safari/536.11",DIRECT_VISIT,FALSE,NA
Stopped_Voting_Or_Skipping,NA,5597820,1428029,2565,207884,Something local and microbrewey,207887,Everclear.,10735210,NA,2012-07-10 21:15:39 UTC,2012-07-10 21:15:39 UTC,NA,"",TRUE,1bc8052fc357986cea6bf530ff4d5d3a,kingmanbeer,"Mozilla/5.0 (Windows NT 6.1; WOW64) AppleWebKit/536.11 (KHTML, like Gecko) Chrome/20.0.1132.47 Safari/536.11",DIRECT_VISIT,FALSE,NA
Bounce,NA,5597838,1428155,2565,207886,Kingman homebrew :),207876,PBR,10735135,NA,2012-07-10 21:32:00 UTC,2012-07-10 21:32:00 UTC,NA,"",TRUE,c935f8d60ba8a0ed5d7f2250a6c3dac0,kingmanbeer,"Mozilla/5.0 (Windows NT 6.1; WOW64) AppleWebKit/536.11 (KHTML, like Gecko) Chrome/20.0.1132.47 Safari/536.11",REFERRER_NOT_FOUND,FALSE,NA
Stopped_Voting_Or_Skipping,NA,5597878,1428157,2565,207875,Guinness,207878,An IPA of any sort,10734874,NA,2012-07-10 21:36:46 UTC,2012-07-10 21:36:46 UTC,NA,"",TRUE,1bc8052fc357986cea6bf530ff4d5d3a,kingmanbeer,Mozilla/5.0 (Macintosh; Intel Mac OS X 10.6; rv:14.0) Gecko/20100101 Firefox/14.0,http://www.allourideas.org/kingmanbeer/results?more=true,FALSE,NA
Bounce,NA,5597940,1428206,2565,207876,PBR,207871,"New Belgium ""Fat Tire""",10734725,NA,2012-07-10 22:29:44 UTC,2012-07-10 22:29:44 UTC,NA,"",TRUE,1bc8052fc357986cea6bf530ff4d5d3a,kingmanbeer,"Mozilla/5.0 (Windows NT 6.1) AppleWebKit/536.11 (KHTML, like Gecko) Chrome/20.0.1132.47 Safari/536.11",REFERRER_NOT_FOUND,FALSE,NA
Bounce,NA,5597988,1428215,2565,207943,BLUE MOON,207880,A stout of any sort,10736911,NA,2012-07-10 22:40:38 UTC,2012-07-10 22:40:38 UTC,NA,"",TRUE,1bc8052fc357986cea6bf530ff4d5d3a,kingmanbeer,"Mozilla/5.0 (Windows NT 6.1) AppleWebKit/536.11 (KHTML, like Gecko) Chrome/20.0.1132.47 Safari/536.11",REFERRER_NOT_FOUND,FALSE,NA
Stopped_Voting_Or_Skipping,NA,5598018,1428219,2565,207881,A porter of any sort,207886,Kingman homebrew :),10735133,NA,2012-07-10 22:53:00 UTC,2012-07-10 22:53:00 UTC,NA,"",TRUE,ad9061e6631e00074ceef389777695ca,kingmanbeer,"Mozilla/5.0 (Windows NT 6.1) AppleWebKit/536.11 (KHTML, like Gecko) Chrome/20.0.1132.47 Safari/536.11",http://www.allourideas.org/kingmanbeer/results?more=true,FALSE,NA
Skip,460282,5598066,1428233,2565,207879,Blue Moon,207943,BLUE MOON,10736900,dislike_both,2012-07-10 23:07:15 UTC,2012-07-10 23:07:15 UTC,4.136,"",TRUE,1bc8052fc357986cea6bf530ff4d5d3a,kingmanbeer,"Mozilla/5.0 (Windows NT 6.1; WOW64) AppleWebKit/536.11 (KHTML, like Gecko) Chrome/20.0.1132.47 Safari/536.11",DIRECT_VISIT,FALSE,NA
Stopped_Voting_Or_Skipping,NA,5598136,1428233,2565,207881,A porter of any sort,207884,Something local and microbrewey,10734931,NA,2012-07-10 23:11:28 UTC,2012-07-10 23:11:28 UTC,NA,"",TRUE,1bc8052fc357986cea6bf530ff4d5d3a,kingmanbeer,"Mozilla/5.0 (Windows NT 6.1; WOW64) AppleWebKit/536.11 (KHTML, like Gecko) Chrome/20.0.1132.47 Safari/536.11",DIRECT_VISIT,FALSE,NA
Stopped_Voting_Or_Skipping,NA,5598193,1428252,2565,207881,A porter of any sort,207945,Anything Flying Dog,10737258,NA,2012-07-10 23:34:09 UTC,2012-07-10 23:34:09 UTC,NA,"",TRUE,a49c4042286d41731acea43e16613517,kingmanbeer,"Mozilla/5.0 (Macintosh; Intel Mac OS X 10_7_4) AppleWebKit/536.11 (KHTML, like Gecko) Chrome/20.0.1132.47 Safari/536.11",DIRECT_VISIT,FALSE,NA
Stopped_Voting_Or_Skipping,NA,5598251,1428263,2565,207880,A stout of any sort,207881,A porter of any sort,10735023,NA,2012-07-10 23:51:28 UTC,2012-07-10 23:51:28 UTC,NA,"",TRUE,1bc8052fc357986cea6bf530ff4d5d3a,kingmanbeer,"Mozilla/5.0 (Windows NT 5.1) AppleWebKit/536.11 (KHTML, like Gecko) Chrome/20.0.1132.47 Safari/536.11",DIRECT_VISIT,FALSE,NA
Skip,460320,5598383,1428328,2565,207978,a barrel of red wine,207878,An IPA of any sort,10738374,dislike_both,2012-07-11 01:32:49 UTC,2012-07-11 01:32:49 UTC,16.321,"",TRUE,1bc8052fc357986cea6bf530ff4d5d3a,kingmanbeer,"Mozilla/5.0 (Windows NT 6.1; WOW64) AppleWebKit/536.11 (KHTML, like Gecko) Chrome/20.0.1132.47 Safari/536.11",http://36ohk6dgmcd1n-c.c.yom.mail.yahoo.net/om/api/1.0/openmail.app.invoke/36ohk6dgmcd1n/11/1.0.35/us/en-US/view.html/0,FALSE,NA
Stopped_Voting_Or_Skipping,NA,5598389,1428328,2565,207888,Stellaaaaaa,207880,A stout of any sort,10735168,NA,2012-07-11 01:33:14 UTC,2012-07-11 01:33:14 UTC,NA,"",TRUE,1bc8052fc357986cea6bf530ff4d5d3a,kingmanbeer,"Mozilla/5.0 (Windows NT 6.1; WOW64) AppleWebKit/536.11 (KHTML, like Gecko) Chrome/20.0.1132.47 Safari/536.11",http://36ohk6dgmcd1n-c.c.yom.mail.yahoo.net/om/api/1.0/openmail.app.invoke/36ohk6dgmcd1n/11/1.0.35/us/en-US/view.html/0,FALSE,NA
Skip,460327,5598636,1428407,2565,207876,PBR,207882,Something dark and chocolatey,10735018,dislike_both,2012-07-11 03:55:36 UTC,2012-07-11 03:55:36 UTC,16.487,"",TRUE,1bc8052fc357986cea6bf530ff4d5d3a,kingmanbeer,"Mozilla/5.0 (iPhone; CPU iPhone OS 5_1 like Mac OS X) AppleWebKit/534.46 (KHTML, like Gecko) Version/5.1 Mobile/9B176 Safari/7534.48.3",DIRECT_VISIT,FALSE,NA
Stopped_Voting_Or_Skipping,NA,5598638,1428407,2565,207882,Something dark and chocolatey,207887,Everclear.,10735441,NA,2012-07-11 03:55:43 UTC,2012-07-11 03:55:43 UTC,NA,"",TRUE,1bc8052fc357986cea6bf530ff4d5d3a,kingmanbeer,"Mozilla/5.0 (iPhone; CPU iPhone OS 5_1 like Mac OS X) AppleWebKit/534.46 (KHTML, like Gecko) Version/5.1 Mobile/9B176 Safari/7534.48.3",DIRECT_VISIT,FALSE,NA
Bounce,NA,5598656,1428420,2565,207885,An ale of any sort,207888,Stellaaaaaa,10735189,NA,2012-07-11 04:29:53 UTC,2012-07-11 04:29:53 UTC,NA,"",TRUE,1bc8052fc357986cea6bf530ff4d5d3a,kingmanbeer,"Mozilla/5.0 (Macintosh; Intel Mac OS X 10_7_4) AppleWebKit/536.5 (KHTML, like Gecko) Chrome/19.0.1084.56 Safari/536.5",REFERRER_NOT_FOUND,FALSE,NA
Bounce,NA,5598691,1428447,2565,207868,Sierra Nevada Pale Ale,207872,"New Belgium ""1554""",10734728,NA,2012-07-11 05:42:06 UTC,2012-07-11 05:42:06 UTC,NA,"",TRUE,1bc8052fc357986cea6bf530ff4d5d3a,kingmanbeer,Mozilla/5.0 (Macintosh; U; Intel Mac OS X 10.5; en-US; rv:1.9.2.13) Gecko/20101203 Firefox/3.6.13,REFERRER_NOT_FOUND,FALSE,NA
Skip,460328,5598810,1428482,2565,207876,PBR,207888,Stellaaaaaa,10735174,dislike_both,2012-07-11 07:11:11 UTC,2012-07-11 07:11:11 UTC,10.784,"",TRUE,1bc8052fc357986cea6bf530ff4d5d3a,kingmanbeer,"Mozilla/5.0 (Linux; U; Android 2.3.5; en-us; SCH-I500 Build/GINGERBREAD) AppleWebKit/533.1 (KHTML, like Gecko) Version/4.0 Mobile Safari/533.1",DIRECT_VISIT,FALSE,NA
Stopped_Voting_Or_Skipping,NA,5598832,1428480,2565,207887,Everclear.,207878,An IPA of any sort,10735163,NA,2012-07-11 07:12:17 UTC,2012-07-11 07:12:17 UTC,NA,"",TRUE,1bc8052fc357986cea6bf530ff4d5d3a,kingmanbeer,"Mozilla/5.0 (iPod; CPU iPhone OS 5_1_1 like Mac OS X) AppleWebKit/534.46 (KHTML, like Gecko) Version/5.1 Mobile/9B206 Safari/7534.48.3",DIRECT_VISIT,FALSE,NA
Skip,460329,5598849,1428483,2565,207946,Lagunitas Undercover Investigation Shut-Down Ale,207887,Everclear.,10737314,other,2012-07-11 07:16:39 UTC,2012-07-11 07:16:39 UTC,5.707,"",TRUE,1bc8052fc357986cea6bf530ff4d5d3a,kingmanbeer,Mozilla/5.0 (Windows NT 6.1; WOW64; rv:13.0) Gecko/20100101 Firefox/13.0.1,DIRECT_VISIT,FALSE,NA
Skip,460330,5598861,1428483,2565,207878,An IPA of any sort,207876,PBR,10734875,dislike_both,2012-07-11 07:17:31 UTC,2012-07-11 07:17:31 UTC,9.268,"",TRUE,1bc8052fc357986cea6bf530ff4d5d3a,kingmanbeer,Mozilla/5.0 (Windows NT 6.1; WOW64; rv:13.0) Gecko/20100101 Firefox/13.0.1,DIRECT_VISIT,FALSE,NA
Skip,460331,5598899,1428483,2565,207945,Anything Flying Dog,207887,Everclear.,10737268,other,2012-07-11 07:19:34 UTC,2012-07-11 07:19:34 UTC,5.264,"",TRUE,1bc8052fc357986cea6bf530ff4d5d3a,kingmanbeer,Mozilla/5.0 (Windows NT 6.1; WOW64; rv:13.0) Gecko/20100101 Firefox/13.0.1,DIRECT_VISIT,FALSE,NA
Skip,460332,5598911,1428483,2565,207876,PBR,207946,Lagunitas Undercover Investigation Shut-Down Ale,10737317,dislike_both,2012-07-11 07:21:19 UTC,2012-07-11 07:21:19 UTC,4.723,"",TRUE,1bc8052fc357986cea6bf530ff4d5d3a,kingmanbeer,Mozilla/5.0 (Windows NT 6.1; WOW64; rv:13.0) Gecko/20100101 Firefox/13.0.1,http://www.allourideas.org/kingmanbeer/results?more=true,FALSE,NA
Skip,460333,5598915,1428482,2565,207878,An IPA of any sort,207946,Lagunitas Undercover Investigation Shut-Down Ale,10737312,dislike_both,2012-07-11 07:21:39 UTC,2012-07-11 07:21:39 UTC,6.578,"",TRUE,1bc8052fc357986cea6bf530ff4d5d3a,kingmanbeer,"Mozilla/5.0 (Linux; U; Android 2.3.5; en-us; SCH-I500 Build/GINGERBREAD) AppleWebKit/533.1 (KHTML, like Gecko) Version/4.0 Mobile Safari/533.1",http://www.allourideas.org/kingmanbeer/results?more=true,FALSE,NA
Skip,460334,5598917,1428482,2565,207887,Everclear.,207876,PBR,10735205,dislike_both,2012-07-11 07:22:06 UTC,2012-07-11 07:22:06 UTC,8.245,"",TRUE,1bc8052fc357986cea6bf530ff4d5d3a,kingmanbeer,"Mozilla/5.0 (Linux; U; Android 2.3.5; en-us; SCH-I500 Build/GINGERBREAD) AppleWebKit/533.1 (KHTML, like Gecko) Version/4.0 Mobile Safari/533.1",http://www.allourideas.org/kingmanbeer/results?more=true,FALSE,NA
Stopped_Voting_Or_Skipping,NA,5598922,1428482,2565,207943,BLUE MOON,207873,"Sierra Nevada ""Summerfest""",10736877,NA,2012-07-11 07:22:06 UTC,2012-07-11 07:22:06 UTC,NA,"",TRUE,1bc8052fc357986cea6bf530ff4d5d3a,kingmanbeer,"Mozilla/5.0 (Linux; U; Android 2.3.5; en-us; SCH-I500 Build/GINGERBREAD) AppleWebKit/533.1 (KHTML, like Gecko) Version/4.0 Mobile Safari/533.1",http://www.allourideas.org/kingmanbeer/results?more=true,FALSE,NA
Skip,460335,5598928,1428483,2565,207888,Stellaaaaaa,207887,Everclear.,10735440,other,2012-07-11 07:22:32 UTC,2012-07-11 07:22:32 UTC,3.593,"",TRUE,1bc8052fc357986cea6bf530ff4d5d3a,kingmanbeer,Mozilla/5.0 (Windows NT 6.1; WOW64; rv:13.0) Gecko/20100101 Firefox/13.0.1,http://www.allourideas.org/kingmanbeer/results?more=true,FALSE,NA
Skip,460336,5598929,1428483,2565,207978,a barrel of red wine,207868,Sierra Nevada Pale Ale,10738375,other,2012-07-11 07:22:37 UTC,2012-07-11 07:22:37 UTC,4.62,"",TRUE,1bc8052fc357986cea6bf530ff4d5d3a,kingmanbeer,Mozilla/5.0 (Windows NT 6.1; WOW64; rv:13.0) Gecko/20100101 Firefox/13.0.1,http://www.allourideas.org/kingmanbeer/results?more=true,FALSE,NA
Skip,460337,5598932,1428483,2565,207887,Everclear.,207943,BLUE MOON,10736902,other,2012-07-11 07:22:49 UTC,2012-07-11 07:22:49 UTC,3.679,"",TRUE,1bc8052fc357986cea6bf530ff4d5d3a,kingmanbeer,Mozilla/5.0 (Windows NT 6.1; WOW64; rv:13.0) Gecko/20100101 Firefox/13.0.1,http://www.allourideas.org/kingmanbeer/results?more=true,FALSE,NA
Stopped_Voting_Or_Skipping,NA,5598934,1428483,2565,207875,Guinness,207886,Kingman homebrew :),10735125,NA,2012-07-11 07:22:51 UTC,2012-07-11 07:22:51 UTC,NA,"",TRUE,1bc8052fc357986cea6bf530ff4d5d3a,kingmanbeer,Mozilla/5.0 (Windows NT 6.1; WOW64; rv:13.0) Gecko/20100101 Firefox/13.0.1,http://www.allourideas.org/kingmanbeer/results?more=true,FALSE,NA
Bounce,NA,5599376,1428580,2565,207945,Anything Flying Dog,207870,"New Belgium ""Mothership""",10737271,NA,2012-07-11 11:13:09 UTC,2012-07-11 11:13:09 UTC,NA,"",TRUE,1bc8052fc357986cea6bf530ff4d5d3a,kingmanbeer,Mozilla/5.0 (Windows NT 6.1; WOW64; rv:13.0) Gecko/20100101 Firefox/13.0.1,REFERRER_NOT_FOUND,FALSE,NA
Skip,460416,5600902,1429276,2565,207875,Guinness,207945,Anything Flying Dog,10737250,dont_know_both,2012-07-11 23:21:31 UTC,2012-07-11 23:21:31 UTC,11.99,"",TRUE,1bc8052fc357986cea6bf530ff4d5d3a,kingmanbeer,"Mozilla/5.0 (Macintosh; Intel Mac OS X 10_5_8) AppleWebKit/536.11 (KHTML, like Gecko) Chrome/20.0.1132.47 Safari/536.11",DIRECT_VISIT,FALSE,NA
Skip,460417,5600978,1429276,2565,207880,A stout of any sort,207882,Something dark and chocolatey,10735033,both_same,2012-07-11 23:27:38 UTC,2012-07-11 23:27:38 UTC,17.359,"",TRUE,1bc8052fc357986cea6bf530ff4d5d3a,kingmanbeer,"Mozilla/5.0 (Macintosh; Intel Mac OS X 10_5_8) AppleWebKit/536.11 (KHTML, like Gecko) Chrome/20.0.1132.47 Safari/536.11",DIRECT_VISIT,FALSE,NA
Stopped_Voting_Or_Skipping,NA,5601021,1429276,2565,207881,A porter of any sort,207885,An ale of any sort,10734998,NA,2012-07-11 23:30:25 UTC,2012-07-11 23:30:25 UTC,NA,"",TRUE,1bc8052fc357986cea6bf530ff4d5d3a,kingmanbeer,"Mozilla/5.0 (Macintosh; Intel Mac OS X 10_5_8) AppleWebKit/536.11 (KHTML, like Gecko) Chrome/20.0.1132.47 Safari/536.11",DIRECT_VISIT,FALSE,NA
Stopped_Voting_Or_Skipping,NA,5601086,1429315,2565,207879,Blue Moon,207878,An IPA of any sort,10734889,NA,2012-07-12 00:13:47 UTC,2012-07-12 00:13:47 UTC,NA,"",TRUE,3088bafd05c8e6bcdf1526976dcf9e73,kingmanbeer,"Mozilla/5.0 (iPad; CPU OS 5_1_1 like Mac OS X) AppleWebKit/534.46 (KHTML, like Gecko) Version/5.1 Mobile/9B206 Safari/7534.48.3",DIRECT_VISIT,FALSE,NA
Bounce,NA,5601127,1429325,2565,207987,Old Rasputin- Imperial Stout,207978,a barrel of red wine,10739470,NA,2012-07-12 00:29:33 UTC,2012-07-12 00:29:33 UTC,NA,"",TRUE,3088bafd05c8e6bcdf1526976dcf9e73,kingmanbeer,"Mozilla/5.0 (iPad; CPU OS 5_1_1 like Mac OS X) AppleWebKit/534.46 (KHTML, like Gecko) Version/5.1 Mobile/9B206 Safari/7534.48.3",REFERRER_NOT_FOUND,FALSE,NA
Skip,460460,5601263,1429380,2565,207946,Lagunitas Undercover Investigation Shut-Down Ale,207886,Kingman homebrew :),10737307,other,2012-07-12 02:07:37 UTC,2012-07-12 02:07:37 UTC,8.857,"",TRUE,1bc8052fc357986cea6bf530ff4d5d3a,kingmanbeer,"Mozilla/5.0 (Linux; U; Android 2.3.5; en-us; SCH-I500 Build/GINGERBREAD) AppleWebKit/533.1 (KHTML, like Gecko) Version/4.0 Mobile Safari/533.1",http://www.allourideas.org/kingmanbeer/results,FALSE,NA
Skip,460461,5601272,1429380,2565,207879,Blue Moon,207943,BLUE MOON,10736900,both_same,2012-07-12 02:08:11 UTC,2012-07-12 02:08:11 UTC,9.003,"",TRUE,1bc8052fc357986cea6bf530ff4d5d3a,kingmanbeer,"Mozilla/5.0 (Linux; U; Android 2.3.5; en-us; SCH-I500 Build/GINGERBREAD) AppleWebKit/533.1 (KHTML, like Gecko) Version/4.0 Mobile Safari/533.1",http://www.allourideas.org/kingmanbeer/results,FALSE,NA
Skip,460462,5601275,1429380,2565,207878,An IPA of any sort,207978,a barrel of red wine,10738399,other,2012-07-12 02:08:26 UTC,2012-07-12 02:08:26 UTC,8.96,"",TRUE,1bc8052fc357986cea6bf530ff4d5d3a,kingmanbeer,"Mozilla/5.0 (Linux; U; Android 2.3.5; en-us; SCH-I500 Build/GINGERBREAD) AppleWebKit/533.1 (KHTML, like Gecko) Version/4.0 Mobile Safari/533.1",http://www.allourideas.org/kingmanbeer/results,FALSE,NA
Stopped_Voting_Or_Skipping,NA,5601279,1429380,2565,207869,"Bear Republic ""Racer 5"" IPA",207878,An IPA of any sort,10734861,NA,2012-07-12 02:08:38 UTC,2012-07-12 02:08:38 UTC,NA,"",TRUE,1bc8052fc357986cea6bf530ff4d5d3a,kingmanbeer,"Mozilla/5.0 (Linux; U; Android 2.3.5; en-us; SCH-I500 Build/GINGERBREAD) AppleWebKit/533.1 (KHTML, like Gecko) Version/4.0 Mobile Safari/533.1",http://www.allourideas.org/kingmanbeer/results,FALSE,NA
Skip,460463,5601329,1429427,2565,207875,Guinness,207872,"New Belgium ""1554""",10734752,dislike_both,2012-07-12 03:35:27 UTC,2012-07-12 03:35:27 UTC,9.084,"",TRUE,1bc8052fc357986cea6bf530ff4d5d3a,kingmanbeer,"Mozilla/5.0 (Macintosh; Intel Mac OS X 10_6_8) AppleWebKit/536.11 (KHTML, like Gecko) Chrome/20.0.1132.47 Safari/536.11",http://www.allourideas.org/kingmanbeer/results,FALSE,NA
Skip,460464,5601332,1429427,2565,207879,Blue Moon,207870,"New Belgium ""Mothership""",10735036,dont_know_right,2012-07-12 03:36:04 UTC,2012-07-12 03:36:04 UTC,22.387,"",TRUE,1bc8052fc357986cea6bf530ff4d5d3a,kingmanbeer,"Mozilla/5.0 (Macintosh; Intel Mac OS X 10_6_8) AppleWebKit/536.11 (KHTML, like Gecko) Chrome/20.0.1132.47 Safari/536.11",http://www.allourideas.org/kingmanbeer/results,FALSE,NA
Skip,460465,5601337,1429427,2565,207884,Something local and microbrewey,207881,A porter of any sort,10734959,dont_know_both,2012-07-12 03:38:23 UTC,2012-07-12 03:38:23 UTC,18.638,"",TRUE,1bc8052fc357986cea6bf530ff4d5d3a,kingmanbeer,"Mozilla/5.0 (Macintosh; Intel Mac OS X 10_6_8) AppleWebKit/536.11 (KHTML, like Gecko) Chrome/20.0.1132.47 Safari/536.11",http://www.allourideas.org/kingmanbeer/results?more=true,FALSE,NA
Skip,460466,5601339,1429427,2565,207883,Something with a high alcohol content,207881,A porter of any sort,10734990,dont_know_both,2012-07-12 03:38:32 UTC,2012-07-12 03:38:32 UTC,4.805,"",TRUE,1bc8052fc357986cea6bf530ff4d5d3a,kingmanbeer,"Mozilla/5.0 (Macintosh; Intel Mac OS X 10_6_8) AppleWebKit/536.11 (KHTML, like Gecko) Chrome/20.0.1132.47 Safari/536.11",http://www.allourideas.org/kingmanbeer/results?more=true,FALSE,NA
Skip,460467,5601341,1429427,2565,207882,Something dark and chocolatey,207879,Blue Moon,10734966,dislike_both,2012-07-12 03:38:41 UTC,2012-07-12 03:38:41 UTC,5.252,"",TRUE,1bc8052fc357986cea6bf530ff4d5d3a,kingmanbeer,"Mozilla/5.0 (Macintosh; Intel Mac OS X 10_6_8) AppleWebKit/536.11 (KHTML, like Gecko) Chrome/20.0.1132.47 Safari/536.11",http://www.allourideas.org/kingmanbeer/results?more=true,FALSE,NA
Skip,460468,5601344,1429427,2565,207876,PBR,207987,Old Rasputin- Imperial Stout,10739461,dislike_both,2012-07-12 03:38:54 UTC,2012-07-12 03:38:54 UTC,6.81,"",TRUE,1bc8052fc357986cea6bf530ff4d5d3a,kingmanbeer,"Mozilla/5.0 (Macintosh; Intel Mac OS X 10_6_8) AppleWebKit/536.11 (KHTML, like Gecko) Chrome/20.0.1132.47 Safari/536.11",http://www.allourideas.org/kingmanbeer/results?more=true,FALSE,NA
Skip,460469,5601345,1429427,2565,207883,Something with a high alcohol content,207879,Blue Moon,10735067,dislike_both,2012-07-12 03:38:58 UTC,2012-07-12 03:38:58 UTC,4.125,"",TRUE,1bc8052fc357986cea6bf530ff4d5d3a,kingmanbeer,"Mozilla/5.0 (Macintosh; Intel Mac OS X 10_6_8) AppleWebKit/536.11 (KHTML, like Gecko) Chrome/20.0.1132.47 Safari/536.11",http://www.allourideas.org/kingmanbeer/results?more=true,FALSE,NA
Skip,460470,5601346,1429427,2565,207888,Stellaaaaaa,208020,Leffe (belgian blonde ale),10741945,dislike_both,2012-07-12 03:39:04 UTC,2012-07-12 03:39:04 UTC,4.368,"",TRUE,1bc8052fc357986cea6bf530ff4d5d3a,kingmanbeer,"Mozilla/5.0 (Macintosh; Intel Mac OS X 10_6_8) AppleWebKit/536.11 (KHTML, like Gecko) Chrome/20.0.1132.47 Safari/536.11",http://www.allourideas.org/kingmanbeer/results?more=true,FALSE,NA
Skip,460471,5601349,1429443,2565,207945,Anything Flying Dog,207874,"Stone ""Arrogant Bastard"" Ale",10737281,like_both,2012-07-12 04:31:48 UTC,2012-07-12 04:31:48 UTC,3153.779,"",TRUE,1bc8052fc357986cea6bf530ff4d5d3a,kingmanbeer,"Mozilla/5.0 (Macintosh; Intel Mac OS X 10_6_8) AppleWebKit/536.11 (KHTML, like Gecko) Chrome/20.0.1132.47 Safari/536.11",REFERRER_NOT_FOUND,FALSE,NA
Stopped_Voting_Or_Skipping,NA,5601384,1429443,2565,207875,Guinness,207883,Something with a high alcohol content,10734967,NA,2012-07-12 04:32:44 UTC,2012-07-12 04:32:44 UTC,NA,"",TRUE,1bc8052fc357986cea6bf530ff4d5d3a,kingmanbeer,"Mozilla/5.0 (Macintosh; Intel Mac OS X 10_6_8) AppleWebKit/536.11 (KHTML, like Gecko) Chrome/20.0.1132.47 Safari/536.11",REFERRER_NOT_FOUND,FALSE,NA
Bounce,NA,5601456,1429464,2565,207882,Something dark and chocolatey,207883,Something with a high alcohol content,10734890,NA,2012-07-12 05:26:48 UTC,2012-07-12 05:26:48 UTC,NA,"",TRUE,1bc8052fc357986cea6bf530ff4d5d3a,kingmanbeer,Mozilla/5.0 (Macintosh; U; Intel Mac OS X 10.5; en-US; rv:1.9.2.13) Gecko/20101203 Firefox/3.6.13,http://www.allourideas.org/kingmanbeer/results,FALSE,NA
Bounce,NA,5601496,1429501,2565,207873,"Sierra Nevada ""Summerfest""",207871,"New Belgium ""Fat Tire""",10734791,NA,2012-07-12 07:09:53 UTC,2012-07-12 07:09:53 UTC,NA,"",TRUE,1bc8052fc357986cea6bf530ff4d5d3a,kingmanbeer,"Mozilla/5.0 (Windows NT 6.2; WOW64) AppleWebKit/536.11 (KHTML, like Gecko) Chrome/20.0.1132.47 Safari/536.11",REFERRER_NOT_FOUND,FALSE,NA
Bounce,NA,5602969,1430150,2565,207875,Guinness,207873,"Sierra Nevada ""Summerfest""",10734809,NA,2012-07-12 23:49:29 UTC,2012-07-12 23:49:29 UTC,NA,"",TRUE,1bc8052fc357986cea6bf530ff4d5d3a,kingmanbeer,"Mozilla/5.0 (Macintosh; Intel Mac OS X 10_7_4) AppleWebKit/536.5 (KHTML, like Gecko) Chrome/19.0.1084.56 Safari/536.5",REFERRER_NOT_FOUND,FALSE,NA
Skip,460552,5603052,1430202,2565,207870,"New Belgium ""Mothership""",207872,"New Belgium ""1554""",10734761,dont_know_both,2012-07-13 01:18:10 UTC,2012-07-13 01:18:10 UTC,10.155,"",TRUE,bb46446679ac2f7a52adb0d674f63a36,kingmanbeer,Mozilla/5.0 (Macintosh; Intel Mac OS X 10.5; rv:12.0) Gecko/20100101 Firefox/12.0,DIRECT_VISIT,FALSE,NA
Skip,460553,5603058,1430202,2565,207943,BLUE MOON,207873,"Sierra Nevada ""Summerfest""",10736877,dont_know_right,2012-07-13 01:18:45 UTC,2012-07-13 01:18:45 UTC,7.229,"",TRUE,bb46446679ac2f7a52adb0d674f63a36,kingmanbeer,Mozilla/5.0 (Macintosh; Intel Mac OS X 10.5; rv:12.0) Gecko/20100101 Firefox/12.0,DIRECT_VISIT,FALSE,NA
Skip,460554,5603060,1430202,2565,207884,Something local and microbrewey,207874,"Stone ""Arrogant Bastard"" Ale",10735069,dont_know_right,2012-07-13 01:19:05 UTC,2012-07-13 01:19:05 UTC,12.937,"",TRUE,bb46446679ac2f7a52adb0d674f63a36,kingmanbeer,Mozilla/5.0 (Macintosh; Intel Mac OS X 10.5; rv:12.0) Gecko/20100101 Firefox/12.0,DIRECT_VISIT,FALSE,NA
Skip,460555,5603062,1430202,2565,207875,Guinness,207873,"Sierra Nevada ""Summerfest""",10734809,dont_know_right,2012-07-13 01:19:15 UTC,2012-07-13 01:19:15 UTC,5.665,"",TRUE,bb46446679ac2f7a52adb0d674f63a36,kingmanbeer,Mozilla/5.0 (Macintosh; Intel Mac OS X 10.5; rv:12.0) Gecko/20100101 Firefox/12.0,DIRECT_VISIT,FALSE,NA
Skip,460556,5603065,1430202,2565,207870,"New Belgium ""Mothership""",207945,Anything Flying Dog,10737254,dont_know_both,2012-07-13 01:19:30 UTC,2012-07-13 01:19:30 UTC,5.175,"",TRUE,bb46446679ac2f7a52adb0d674f63a36,kingmanbeer,Mozilla/5.0 (Macintosh; Intel Mac OS X 10.5; rv:12.0) Gecko/20100101 Firefox/12.0,DIRECT_VISIT,FALSE,NA
Stopped_Voting_Or_Skipping,NA,5603075,1430202,2565,207873,"Sierra Nevada ""Summerfest""",207946,Lagunitas Undercover Investigation Shut-Down Ale,10737294,NA,2012-07-13 01:20:01 UTC,2012-07-13 01:20:01 UTC,NA,"",TRUE,bb46446679ac2f7a52adb0d674f63a36,kingmanbeer,Mozilla/5.0 (Macintosh; Intel Mac OS X 10.5; rv:12.0) Gecko/20100101 Firefox/12.0,DIRECT_VISIT,FALSE,NA
Stopped_Voting_Or_Skipping,NA,5603204,1430273,2565,207868,Sierra Nevada Pale Ale,207887,Everclear.,10735199,NA,2012-07-13 04:32:05 UTC,2012-07-13 04:32:05 UTC,NA,"",TRUE,3a5387a6c10e05c7f50c612244300d68,kingmanbeer,"Mozilla/5.0 (Windows NT 6.1; WOW64) AppleWebKit/536.11 (KHTML, like Gecko) Chrome/20.0.1132.57 Safari/536.11",DIRECT_VISIT,FALSE,NA
Bounce,NA,5603274,1430303,2565,207946,Lagunitas Undercover Investigation Shut-Down Ale,207868,Sierra Nevada Pale Ale,10737311,NA,2012-07-13 06:52:33 UTC,2012-07-13 06:52:33 UTC,NA,"",TRUE,1bc8052fc357986cea6bf530ff4d5d3a,kingmanbeer,"Mozilla/5.0 (Linux; U; Android 2.3.5; en-us; SCH-I500 Build/GINGERBREAD) AppleWebKit/533.1 (KHTML, like Gecko) Version/4.0 Mobile Safari/533.1",REFERRER_NOT_FOUND,FALSE,NA
Bounce,NA,5604454,1430634,2565,208020,Leffe (belgian blonde ale),207878,An IPA of any sort,10741925,NA,2012-07-13 18:04:01 UTC,2012-07-13 18:04:01 UTC,NA,"",TRUE,15da77b7dc27736a50fcd40b2a6c5592,kingmanbeer,"Mozilla/5.0 (Macintosh; Intel Mac OS X 10_7_4) AppleWebKit/536.5 (KHTML, like Gecko) Chrome/19.0.1084.56 Safari/536.5",REFERRER_NOT_FOUND,FALSE,NA
Bounce,NA,5604984,1430858,2565,207883,Something with a high alcohol content,207877,"Stone ""Ruination"" IPA",10735003,NA,2012-07-13 23:55:26 UTC,2012-07-13 23:55:26 UTC,NA,"",TRUE,e15befb406e8334b59b5cdcb866fedf4,kingmanbeer,Mozilla/5.0 (compatible; MSIE 9.0; Windows NT 6.1; WOW64; Trident/5.0),REFERRER_NOT_FOUND,FALSE,NA
Stopped_Voting_Or_Skipping,NA,5605032,1430878,2565,207883,Something with a high alcohol content,207945,Anything Flying Dog,10737259,NA,2012-07-14 00:34:18 UTC,2012-07-14 00:34:18 UTC,NA,"",TRUE,b24bc7d11b9a91e35ec113f8bde91712,kingmanbeer,"Mozilla/5.0 (Windows NT 6.1; WOW64) AppleWebKit/536.11 (KHTML, like Gecko) Chrome/20.0.1132.47 Safari/536.11",DIRECT_VISIT,FALSE,NA
Bounce,NA,5605048,1430885,2565,207869,"Bear Republic ""Racer 5"" IPA",207987,Old Rasputin- Imperial Stout,10739486,NA,2012-07-14 00:54:35 UTC,2012-07-14 00:54:35 UTC,NA,"",TRUE,1bc8052fc357986cea6bf530ff4d5d3a,kingmanbeer,"Mozilla/5.0 (iPod; CPU iPhone OS 5_1_1 like Mac OS X) AppleWebKit/534.46 (KHTML, like Gecko) Version/5.1 Mobile/9B206 Safari/7534.48.3",REFERRER_NOT_FOUND,FALSE,NA
Bounce,NA,5605427,1431195,2565,208020,Leffe (belgian blonde ale),207883,Something with a high alcohol content,10741959,NA,2012-07-14 16:55:46 UTC,2012-07-14 16:55:46 UTC,NA,"",TRUE,d5f1ad655e853a8fdbbb9d35a08320a0,kingmanbeer,Mozilla/5.0 (Macintosh; Intel Mac OS X 10.5; rv:13.0) Gecko/20100101 Firefox/13.0.1,REFERRER_NOT_FOUND,FALSE,NA
Bounce,NA,5605443,1431209,2565,207872,"New Belgium ""1554""",207874,"Stone ""Arrogant Bastard"" Ale",10734786,NA,2012-07-14 17:18:16 UTC,2012-07-14 17:18:16 UTC,NA,"",TRUE,90d3b2b81463e3b40c2e986afc9e08cf,kingmanbeer,Mozilla/4.0 (compatible; MSIE 6.0; Windows NT 5.1),REFERRER_NOT_FOUND,FALSE,NA
Bounce,NA,5616867,1436113,2565,207871,"New Belgium ""Fat Tire""",207868,Sierra Nevada Pale Ale,10734776,NA,2012-07-22 11:36:59 UTC,2012-07-22 11:36:59 UTC,NA,"",TRUE,8eb4879f93c50d1adc997a027088c0e8,kingmanbeer,Mozilla/5.0 (compatible; MSIE 9.0; Windows NT 6.1; Trident/5.0),REFERRER_NOT_FOUND,FALSE,NA
Bounce,NA,6031170,1542798,2565,207882,Something dark and chocolatey,207880,A stout of any sort,10735020,NA,2012-10-31 06:40:36 UTC,2012-10-31 06:40:36 UTC,NA,"",TRUE,6d55aceac4b37dc230adc54d9d137369,kingmanbeer,"Mozilla/5.0 (Macintosh; Intel Mac OS X 10_7_4) AppleWebKit/537.4 (KHTML, like Gecko) Chrome/22.0.1229.94 Safari/537.4",DIRECT_VISIT,FALSE,NA
Bounce,NA,6110598,1568942,2565,207876,PBR,207871,"New Belgium ""Fat Tire""",10734725,NA,2012-11-16 05:00:12 UTC,2012-11-16 05:00:12 UTC,NA,"",TRUE,1bc8052fc357986cea6bf530ff4d5d3a,kingmanbeer,"Mozilla/5.0 (Macintosh; Intel Mac OS X 10_8_2) AppleWebKit/537.11 (KHTML, like Gecko) Chrome/23.0.1271.64 Safari/537.11",REFERRER_NOT_FOUND,FALSE,NA
